{
    "feature": {
        "type": "minecraft:replace_single_block",
        "config": {
            "targets": [
                {
                    "target": {
                        "predicate_type": "minecraft:blockstate_match",
                        "block_state": {
                            "Name": "minecraft:black_glazed_terracotta",
                            "Properties": {
                                "facing": "north"
                            }
                        }
                    },
                    "state": {
                        "Name": "minecraft:air"
                    }
                },
                {
                    "target": {
                        "predicate_type": "minecraft:blockstate_match",
                        "block_state": {
                            "Name": "minecraft:black_glazed_terracotta",
                            "Properties": {
                                "facing": "south"
                            }
                        }
                    },
                    "state": {
                        "Name": "minecraft:air"
                    }
                },
                {
                    "target": {
                        "predicate_type": "minecraft:blockstate_match",
                        "block_state": {
                            "Name": "minecraft:black_glazed_terracotta",
                            "Properties": {
                                "facing": "west"
                            }
                        }
                    },
                    "state": {
                        "Name": "minecraft:air"
                    }
                },
                {
                    "target": {
                        "predicate_type": "minecraft:blockstate_match",
                        "block_state": {
                            "Name": "minecraft:black_glazed_terracotta",
                            "Properties": {
                                "facing": "east"
                            }
                        }
                    },
                    "state": {
                        "Name": "minecraft:air"
                    }
                }
            ]
        }
    },
    "placement": [
        {
            "type": "minecraft:count",
            "count": 10
        },
        {
            "type": "minecraft:random_offset",
            "xz_spread": 0,
            "y_spread": -2
        },
        {
            "type": "block_predicate_filter",
            "predicate": {
                "type": "minecraft:true"
            }
        }
    ]
}