{
    "feature": {
        "type": "minecraft:block_column",
        "config": {
            "direction": "down",
            "prioritize_tip": false,
            "allowed_placement": {
                "type": "minecraft:true"
            },
            "layers": [
                {
                    "provider": {
                        "type": "minecraft:simple_state_provider",
                        "state": {
                            "Name": "minecraft:chain",
                            "Properties": {
                                "axis": "y",
                                "waterlogged": "false"
                            }
                        }
                    },
                    "height": {
                        "type": "minecraft:uniform",
                        "value": {
                            "min_inclusive": 4,
                            "max_inclusive": 7
                        }
                    }
                },
                {
                    "provider": {
                        "type": "minecraft:simple_state_provider",
                        "state": {
                            "Name": "minecraft:lantern",
                            "Properties": {
                                "hanging": "true",
                                "waterlogged": "false"
                            }
                        }
                    },
                    "height": 1
                }
            ]
        }
    },
    "placement": [
        {
            "type": "minecraft:random_offset",
            "y_spread": -2,
            "xz_spread": 0
        }
    ]
}