{
    "fallback": "ksh:normal/terminator",
    "elements": [
        {
            "weight": 1,
            "element": {
                "element_type": "minecraft:single_pool_element",
                "projection": "rigid",
                "processors": "ksh:normal/library_decorations",
                "location": "ksh:normal/other_rooms/library_1f"
            }
        },
        {
            "weight": 1,
            "element": {
                "element_type": "minecraft:single_pool_element",
                "projection": "rigid",
                "processors": "ksh:normal/library_decorations",
                "location": "ksh:normal/other_rooms/library_1f_mirror"
            }
        }
    ]
}