{
    "fallback": "minecraft:empty",
    "elements": [
        {
            "weight": 1,
            "element": {
                "element_type": "minecraft:single_pool_element",
                "projection": "rigid",
                "processors": "ksh:normal/stone_bricks_decorations",
                "location": "ksh:normal/other_rooms/bridge_crossing"
            }
        },
        {
            "weight": 1,
            "element": {
                "element_type": "minecraft:single_pool_element",
                "projection": "rigid",
                "processors": "ksh:normal/stone_bricks_decorations",
                "location": "ksh:normal/other_rooms/bridge_crossing_mirror"
            }
        }
    ]
}