{
    "fallback": "minecraft:empty",
    "elements": [
        {
            "weight": 1,
            "element": {
                "element_type": "minecraft:single_pool_element",
                "projection": "rigid",
                "processors": "ksh:normal/stone_bricks_decorations",
                "location": "ksh:normal/start/spiral_staircase_1"
            }
        },
        {
            "weight": 1,
            "element": {
                "element_type": "minecraft:single_pool_element",
                "projection": "rigid",
                "processors": "ksh:normal/stone_bricks_decorations",
                "location": "ksh:normal/start/spiral_staircase_1_mirror"
            }
        },
        {
            "weight": 1,
            "element": {
                "element_type": "minecraft:single_pool_element",
                "projection": "rigid",
                "processors": "ksh:normal/stone_bricks_decorations",
                "location": "ksh:normal/start/spiral_staircase_2"
            }
        },
        {
            "weight": 1,
            "element": {
                "element_type": "minecraft:single_pool_element",
                "projection": "rigid",
                "processors": "ksh:normal/stone_bricks_decorations",
                "location": "ksh:normal/start/spiral_staircase_2_mirror"
            }
        },
        {
            "weight": 1,
            "element": {
                "element_type": "minecraft:single_pool_element",
                "projection": "rigid",
                "processors": "ksh:normal/stone_bricks_decorations",
                "location": "ksh:normal/start/spiral_staircase_3"
            }
        },
        {
            "weight": 1,
            "element": {
                "element_type": "minecraft:single_pool_element",
                "projection": "rigid",
                "processors": "ksh:normal/stone_bricks_decorations",
                "location": "ksh:normal/start/spiral_staircase_3_mirror"
            }
        },
        {
            "weight": 1,
            "element": {
                "element_type": "minecraft:single_pool_element",
                "projection": "rigid",
                "processors": "ksh:normal/stone_bricks_decorations",
                "location": "ksh:normal/start/spiral_staircase_4"
            }
        },
        {
            "weight": 1,
            "element": {
                "element_type": "minecraft:single_pool_element",
                "projection": "rigid",
                "processors": "ksh:normal/stone_bricks_decorations",
                "location": "ksh:normal/start/spiral_staircase_4_mirror"
            }
        },
        {
            "weight": 1,
            "element": {
                "element_type": "minecraft:single_pool_element",
                "projection": "rigid",
                "processors": "ksh:normal/stone_bricks_decorations",
                "location": "ksh:normal/start/spiral_staircase_5"
            }
        },
        {
            "weight": 1,
            "element": {
                "element_type": "minecraft:single_pool_element",
                "projection": "rigid",
                "processors": "ksh:normal/stone_bricks_decorations",
                "location": "ksh:normal/start/spiral_staircase_5_mirror"
            }
        },
        {
            "weight": 1,
            "element": {
                "element_type": "minecraft:single_pool_element",
                "projection": "rigid",
                "processors": "ksh:normal/stone_bricks_decorations",
                "location": "ksh:normal/start/spiral_staircase_6"
            }
        },
        {
            "weight": 1,
            "element": {
                "element_type": "minecraft:single_pool_element",
                "projection": "rigid",
                "processors": "ksh:normal/stone_bricks_decorations",
                "location": "ksh:normal/start/spiral_staircase_6_mirror"
            }
        }
    ]
}