{
    "processors": [
        {
            "processor_type": "minecraft:rule",
            "rules": [
                {
                    "input_predicate": {
                        "predicate_type": "minecraft:block_match",
                        "block": "minecraft:spawner"
                    },
                    "location_predicate": {
                        "predicate_type": "minecraft:always_true"
                    },
                    "output_state": {
                        "Name": "minecraft:spawner"
                    },
                    "block_entity_modifier": {
                        "type": "minecraft:append_static",
                        "data": {
                            "SpawnCount": 4,
                            "SpawnRange": 4,
                            "Delay": 0,
                            "MinSpawnDelay": 200,
                            "MaxSpawnDelay": 800,
                            "MaxNearbyEntities": 6,
                            "RequiredPlayerRange": 16,
                            "SpawnPotentials":
                                [
                                    {
                                        "weight": 1,
                                        "data":
                                        {
                                            "entity":{
                                                "id":"minecraft:blaze",
                                                "Tags": ["knf_fire_trails","vpFortressSpawned"]
                                            }
                                    }
                                }
                            ]
                        }
                    }
                }
            ]
        }
    ]
}