{
    "processors": [
        {
            "processor_type": "minecraft:rule",
            "rules": [
                {
                    "location_predicate": {
                        "predicate_type": "minecraft:always_true"
                    },
                    "input_predicate": {
                        "predicate_type": "minecraft:random_block_match",
                        "block": "minecraft:nether_bricks",
                        "probability": 0.375
                    },
                    "output_state": {
                        "Name": "minecraft:polished_blackstone_bricks"
                    }
                },
                {
                    "location_predicate": {
                        "predicate_type": "minecraft:always_true"
                    },
                    "input_predicate": {
                        "predicate_type": "minecraft:random_block_match",
                        "block": "minecraft:nether_bricks",
                        "probability": 0.375
                    },
                    "output_state": {
                        "Name": "minecraft:cracked_polished_blackstone_bricks"
                    }
                },
                {
                    "location_predicate": {
                        "predicate_type": "minecraft:always_true"
                    },
                    "input_predicate": {
                        "predicate_type": "minecraft:random_blockstate_match",
                        "block_state": {
                            "Name": "minecraft:nether_brick_wall",
                            "Properties": {
                                "east": "tall",
                                "west": "tall",
                                "waterlogged": "false",
                                "up": "false",
                                "south": "none",
                                "north": "none"
                            }
                        },
                        "probability": 0.375
                    },
                    "output_state": {
                        "Name": "minecraft:polished_blackstone_brick_wall",
                        "Properties": {
                            "east": "tall",
                            "west": "tall",
                            "waterlogged": "false",
                            "up": "false",
                            "south": "none",
                            "north": "none"
                        }
                    }
                },
                {
                    "location_predicate": {
                        "predicate_type": "minecraft:always_true"
                    },
                    "input_predicate": {
                        "predicate_type": "minecraft:random_blockstate_match",
                        "block_state": {
                            "Name": "minecraft:nether_brick_wall",
                            "Properties": {
                                "east": "none",
                                "west": "none",
                                "waterlogged": "false",
                                "up": "false",
                                "south": "tall",
                                "north": "tall"
                            }
                        },
                        "probability": 0.375
                    },
                    "output_state": {
                        "Name": "minecraft:polished_blackstone_brick_wall",
                        "Properties": {
                            "east": "none",
                            "west": "none",
                            "waterlogged": "false",
                            "up": "false",
                            "south": "tall",
                            "north": "tall"
                        }
                    }
                },
                {
                    "location_predicate": {
                        "predicate_type": "minecraft:always_true"
                    },
                    "input_predicate": {
                        "predicate_type": "minecraft:random_block_match",
                        "block": "minecraft:nether_bricks",
                        "probability": 0.375
                    },
                    "output_state": {
                        "Name": "minecraft:cracked_nether_bricks"
                    }
                },
                {
                    "location_predicate": {
                        "predicate_type": "minecraft:always_true"
                    },
                    "input_predicate": {
                        "predicate_type": "minecraft:random_block_match",
                        "block": "minecraft:chiseled_nether_bricks",
                        "probability": 0.375
                    },
                    "output_state": {
                        "Name": "minecraft:chiseled_polished_blackstone"
                    }
                },
                {
                    "location_predicate": {
                        "predicate_type": "minecraft:always_true"
                    },
                    "input_predicate": {
                        "predicate_type": "minecraft:random_blockstate_match",
                        "block_state": {
                            "Name": "minecraft:nether_brick_wall",
                            "Properties": {
                                "east": "none",
                                "north": "none",
                                "south": "none",
                                "up": "true",
                                "waterlogged": "false",
                                "west": "none"
                            }
                        },
                        "probability": 0.375
                    },
                    "output_state": {
                        "Name": "minecraft:polished_blackstone_brick_wall",
                        "Properties": {
                            "east": "none",
                            "north": "none",
                            "south": "none",
                            "up": "true",
                            "waterlogged": "false",
                            "west": "none"
                        }
                    }
                },
                {
                    "location_predicate": {
                        "predicate_type": "minecraft:always_true"
                    },
                    "input_predicate": {
                        "predicate_type": "minecraft:random_blockstate_match",
                        "block_state": {
                            "Name": "minecraft:nether_brick_stairs",
                            "Properties": {
                                "waterlogged": "false",
                                "half": "top",
                                "shape": "straight",
                                "facing": "north"
                            }
                        },
                        "probability": 0.375
                    },
                    "output_state": {
                        "Name": "minecraft:polished_blackstone_brick_stairs",
                        "Properties": {
                            "facing": "north",
                            "half": "top",
                            "shape": "straight",
                            "waterlogged": "false"
                        }
                    }
                },
                {
                    "location_predicate": {
                        "predicate_type": "minecraft:always_true"
                    },
                    "input_predicate": {
                        "predicate_type": "minecraft:random_blockstate_match",
                        "block_state": {
                            "Name": "minecraft:nether_brick_stairs",
                            "Properties": {
                                "half": "top",
                                "facing": "south",
                                "shape": "straight",
                                "waterlogged": "false"
                            }
                        },
                        "probability": 0.375
                    },
                    "output_state": {
                        "Name": "minecraft:polished_blackstone_brick_stairs",
                        "Properties": {
                            "facing": "south",
                            "half": "top",
                            "shape": "straight",
                            "waterlogged": "false"
                        }
                    }
                },
                {
                    "location_predicate": {
                        "predicate_type": "minecraft:always_true"
                    },
                    "input_predicate": {
                        "predicate_type": "minecraft:random_blockstate_match",
                        "block_state": {
                            "Name": "minecraft:nether_brick_stairs",
                            "Properties": {
                                "half": "top",
                                "facing": "east",
                                "shape": "straight",
                                "waterlogged": "false"
                            }
                        },
                        "probability": 0.375
                    },
                    "output_state": {
                        "Name": "minecraft:polished_blackstone_brick_stairs",
                        "Properties": {
                            "facing": "east",
                            "half": "top",
                            "shape": "straight",
                            "waterlogged": "false"
                        }
                    }
                },
                {
                    "location_predicate": {
                        "predicate_type": "minecraft:always_true"
                    },
                    "input_predicate": {
                        "predicate_type": "minecraft:random_blockstate_match",
                        "block_state": {
                            "Name": "minecraft:nether_brick_stairs",
                            "Properties": {
                                "half": "top",
                                "facing": "west",
                                "shape": "straight",
                                "waterlogged": "false"
                            }
                        },
                        "probability": 0.375
                    },
                    "output_state": {
                        "Name": "minecraft:polished_blackstone_brick_stairs",
                        "Properties": {
                            "facing": "west",
                            "half": "top",
                            "shape": "straight",
                            "waterlogged": "false"
                        }
                    }
                },
                {
                    "location_predicate": {
                        "predicate_type": "minecraft:always_true"
                    },
                    "input_predicate": {
                        "predicate_type": "minecraft:random_blockstate_match",
                        "block_state": {
                            "Name": "minecraft:nether_brick_wall",
                            "Properties": {
                                "east": "tall",
                                "north": "tall",
                                "south": "none",
                                "up": "true",
                                "waterlogged": "false",
                                "west": "none"
                            }
                        },
                        "probability": 0.375
                    },
                    "output_state": {
                        "Name": "minecraft:polished_blackstone_brick_wall",
                        "Properties": {
                            "east": "tall",
                            "north": "tall",
                            "south": "none",
                            "up": "true",
                            "waterlogged": "false",
                            "west": "none"
                        }
                    }
                },
                {
                    "location_predicate": {
                        "predicate_type": "minecraft:always_true"
                    },
                    "input_predicate": {
                        "predicate_type": "minecraft:random_blockstate_match",
                        "block_state": {
                            "Name": "minecraft:nether_brick_wall",
                            "Properties": {
                                "east": "tall",
                                "north": "none",
                                "south": "tall",
                                "up": "true",
                                "waterlogged": "false",
                                "west": "none"
                            }
                        },
                        "probability": 0.375
                    },
                    "output_state": {
                        "Name": "minecraft:polished_blackstone_brick_wall",
                        "Properties": {
                            "east": "tall",
                            "north": "none",
                            "south": "tall",
                            "up": "true",
                            "waterlogged": "false",
                            "west": "none"
                        }
                    }
                },
                {
                    "location_predicate": {
                        "predicate_type": "minecraft:always_true"
                    },
                    "input_predicate": {
                        "predicate_type": "minecraft:random_blockstate_match",
                        "block_state": {
                            "Name": "minecraft:nether_brick_wall",
                            "Properties": {
                                "east": "none",
                                "north": "tall",
                                "south": "none",
                                "up": "true",
                                "waterlogged": "false",
                                "west": "tall"
                            }
                        },
                        "probability": 0.375
                    },
                    "output_state": {
                        "Name": "minecraft:polished_blackstone_brick_wall",
                        "Properties": {
                            "east": "none",
                            "north": "tall",
                            "south": "none",
                            "up": "true",
                            "waterlogged": "false",
                            "west": "tall"
                        }
                    }
                },
                {
                    "location_predicate": {
                        "predicate_type": "minecraft:always_true"
                    },
                    "input_predicate": {
                        "predicate_type": "minecraft:random_blockstate_match",
                        "block_state": {
                            "Name": "minecraft:nether_brick_wall",
                            "Properties": {
                                "east": "none",
                                "north": "none",
                                "south": "tall",
                                "up": "true",
                                "waterlogged": "false",
                                "west": "tall"
                            }
                        },
                        "probability": 0.375
                    },
                    "output_state": {
                        "Name": "minecraft:polished_blackstone_brick_wall",
                        "Properties": {
                            "east": "none",
                            "north": "none",
                            "south": "tall",
                            "up": "true",
                            "waterlogged": "false",
                            "west": "tall"
                        }
                    }
                },
                {
                    "location_predicate": {
                        "predicate_type": "minecraft:always_true"
                    },
                    "input_predicate": {
                        "predicate_type": "minecraft:random_blockstate_match",
                        "block_state": {
                            "Name": "minecraft:nether_brick_wall",
                            "Properties": {
                                "east": "none",
                                "north": "none",
                                "south": "low",
                                "up": "true",
                                "waterlogged": "false",
                                "west": "none"
                            }
                        },
                        "probability": 0.375
                    },
                    "output_state": {
                        "Name": "minecraft:polished_blackstone_brick_wall",
                        "Properties": {
                            "east": "none",
                            "north": "none",
                            "south": "low",
                            "up": "true",
                            "waterlogged": "false",
                            "west": "none"
                        }
                    }
                },
                {
                    "location_predicate": {
                        "predicate_type": "minecraft:always_true"
                    },
                    "input_predicate": {
                        "predicate_type": "minecraft:random_blockstate_match",
                        "block_state": {
                            "Name": "minecraft:nether_brick_wall",
                            "Properties": {
                                "north": "low",
                                "east": "none",
                                "south": "none",
                                "up": "true",
                                "waterlogged": "false",
                                "west": "none"
                            }
                        },
                        "probability": 0.375
                    },
                    "output_state": {
                        "Name": "minecraft:polished_blackstone_brick_wall",
                        "Properties": {
                            "north": "low",
                            "east": "none",
                            "south": "none",
                            "up": "true",
                            "waterlogged": "false",
                            "west": "none"
                        }
                    }
                },
                {
                    "location_predicate": {
                        "predicate_type": "minecraft:always_true"
                    },
                    "input_predicate": {
                        "predicate_type": "minecraft:random_blockstate_match",
                        "block_state": {
                            "Name": "minecraft:nether_brick_wall",
                            "Properties": {
                                "east": "none",
                                "north": "none",
                                "south": "none",
                                "up": "true",
                                "waterlogged": "false",
                                "west": "low"
                            }
                        },
                        "probability": 0.375
                    },
                    "output_state": {
                        "Name": "minecraft:polished_blackstone_brick_wall",
                        "Properties": {
                            "east": "none",
                            "north": "none",
                            "south": "none",
                            "up": "true",
                            "waterlogged": "false",
                            "west": "low"
                        }
                    }
                },
                {
                    "location_predicate": {
                        "predicate_type": "minecraft:always_true"
                    },
                    "input_predicate": {
                        "predicate_type": "minecraft:random_blockstate_match",
                        "block_state": {
                            "Name": "minecraft:nether_brick_wall",
                            "Properties": {
                                "east": "low",
                                "north": "none",
                                "south": "none",
                                "up": "true",
                                "waterlogged": "false",
                                "west": "none"
                            }
                        },
                        "probability": 0.375
                    },
                    "output_state": {
                        "Name": "minecraft:polished_blackstone_brick_wall",
                        "Properties": {
                            "east": "low",
                            "north": "none",
                            "south": "none",
                            "up": "true",
                            "waterlogged": "false",
                            "west": "none"
                        }
                    }
                }
            ]
        },
        {
            "processor_type": "minecraft:rule",
            "rules": [
                {
                    "input_predicate": {
                        "predicate_type": "minecraft:block_match",
                        "block": "minecraft:spawner"
                    },
                    "location_predicate": {
                        "predicate_type": "minecraft:always_true"
                    },
                    "output_state": {
                        "Name": "minecraft:spawner"
                    },
                    "block_entity_modifier": {
                        "type": "minecraft:append_static",
                        "data": {
                            "SpawnCount": 2,
                            "SpawnRange": 16,
                            "Delay": 0,
                            "MinSpawnDelay": 200,
                            "MaxSpawnDelay": 400,
                            "MaxNearbyEntities": 6,
                            "RequiredPlayerRange": 32,
                            "SpawnPotentials":
                                [
                                    {
                                        "weight": 1,
                                        "data":
                                        {
                                            "custom_spawn_rules":{
                                                "block_light_limit": [
                                                    0,
                                                    15
                                                ]
                                            },
                                            "entity":{
                                                "id":"minecraft:ghast",
                                                "ExplosionPower": 2,
                                                "Tags": ["vpFortressSpawned"]
                                            }
                                    }
                                }
                            ]
                        }
                    }
                }
            ]
        },
        {
            "processor_type": "minecraft:rule",
            "rules": [
                {
                    "input_predicate": {
                        "predicate_type": "minecraft:block_match",
                        "block": "minecraft:black_glazed_terracotta"
                    },
                    "location_predicate": {
                        "predicate_type": "minecraft:always_true"
                    },
                    "output_state": {
                        "Name": "minecraft:spawner"
                    },
                    "block_entity_modifier": {
                        "type": "minecraft:append_static",
                        "data": {
                            "SpawnCount": 4,
                            "SpawnRange": 4,
                            "Delay": 0,
                            "MinSpawnDelay": 200,
                            "MaxSpawnDelay": 800,
                            "MaxNearbyEntities": 6,
                            "RequiredPlayerRange": 16,
                            "SpawnPotentials":
                                [
                                    {
                                        "weight": 1,
                                        "data":
                                        {
                                            "entity":{
                                                "id":"minecraft:blaze",
                                                "Tags": ["knf_fire_trails","vpFortressSpawned"]
                                            }
                                    }
                                }
                            ]
                        }
                    }
                }
            ]
        }
    ]
}