{
    "processors": [
        {
            "processor_type": "minecraft:rule",
            "rules": [
                {
                    "location_predicate": {
                        "predicate_type": "minecraft:always_true"
                    },
                    "input_predicate": {
                        "predicate_type": "minecraft:random_blockstate_match",
                        "block_state": {
                            "Name": "minecraft:nether_brick_wall",
                            "Properties": {
                                "east": "tall",
                                "west": "tall",
                                "waterlogged": "false",
                                "up": "false",
                                "south": "none",
                                "north": "none"
                            }
                        },
                        "probability": 0.375
                    },
                    "output_state": {
                        "Name": "minecraft:polished_blackstone_brick_wall",
                        "Properties": {
                            "east": "tall",
                            "west": "tall",
                            "waterlogged": "false",
                            "up": "false",
                            "south": "none",
                            "north": "none"
                        }
                    }
                },
                {
                    "location_predicate": {
                        "predicate_type": "minecraft:always_true"
                    },
                    "input_predicate": {
                        "predicate_type": "minecraft:random_blockstate_match",
                        "block_state": {
                            "Name": "minecraft:nether_brick_wall",
                            "Properties": {
                                "east": "none",
                                "west": "none",
                                "waterlogged": "false",
                                "up": "false",
                                "south": "tall",
                                "north": "tall"
                            }
                        },
                        "probability": 0.375
                    },
                    "output_state": {
                        "Name": "minecraft:polished_blackstone_brick_wall",
                        "Properties": {
                            "east": "none",
                            "west": "none",
                            "waterlogged": "false",
                            "up": "false",
                            "south": "tall",
                            "north": "tall"
                        }
                    }
                },
                {
                    "location_predicate": {
                        "predicate_type": "minecraft:always_true"
                    },
                    "input_predicate": {
                        "predicate_type": "minecraft:random_blockstate_match",
                        "block_state": {
                            "Name": "minecraft:nether_brick_stairs",
                            "Properties": {
                                "waterlogged": "false",
                                "facing": "west",
                                "shape": "straight",
                                "half": "bottom"
                            }
                        },
                        "probability": 0.375
                    },
                    "output_state": {
                        "Name": "minecraft:polished_blackstone_brick_stairs",
                        "Properties": {
                            "waterlogged": "false",
                            "facing": "west",
                            "shape": "straight",
                            "half": "bottom"
                        }
                    }
                },
                {
                    "location_predicate": {
                        "predicate_type": "minecraft:always_true"
                    },
                    "input_predicate": {
                        "predicate_type": "minecraft:random_block_match",
                        "probability": 0.375,
                        "block": "minecraft:nether_bricks"
                    },
                    "output_state": {
                        "Name": "minecraft:cracked_nether_bricks"
                    }
                },
                {
                    "location_predicate": {
                        "predicate_type": "minecraft:always_true"
                    },
                    "input_predicate": {
                        "predicate_type": "minecraft:random_block_match",
                        "probability": 0.375,
                        "block": "minecraft:chiseled_nether_bricks"
                    },
                    "output_state": {
                        "Name": "minecraft:chiseled_polished_blackstone"
                    }
                },
                {
                    "location_predicate": {
                        "predicate_type": "minecraft:always_true"
                    },
                    "input_predicate": {
                        "predicate_type": "minecraft:random_blockstate_match",
                        "block_state": {
                            "Name": "minecraft:nether_brick_wall",
                            "Properties": {
                                "east": "none",
                                "north": "none",
                                "south": "none",
                                "up": "true",
                                "waterlogged": "false",
                                "west": "none"
                            }
                        },
                        "probability": 0.375
                    },
                    "output_state": {
                        "Name": "minecraft:polished_blackstone_brick_wall",
                        "Properties": {
                            "east": "none",
                            "north": "none",
                            "south": "none",
                            "up": "true",
                            "waterlogged": "false",
                            "west": "none"
                        }
                    }
                },
                {
                    "location_predicate": {
                        "predicate_type": "minecraft:always_true"
                    },
                    "input_predicate": {
                        "predicate_type": "minecraft:random_blockstate_match",
                        "block_state": {
                            "Name": "minecraft:nether_brick_stairs",
                            "Properties": {
                                "waterlogged": "false",
                                "half": "top",
                                "shape": "straight",
                                "facing": "north"
                            }
                        },
                        "probability": 0.375
                    },
                    "output_state": {
                        "Name": "minecraft:polished_blackstone_brick_stairs",
                        "Properties": {
                            "facing": "north",
                            "half": "top",
                            "shape": "straight",
                            "waterlogged": "false"
                        }
                    }
                },
                {
                    "location_predicate": {
                        "predicate_type": "minecraft:always_true"
                    },
                    "input_predicate": {
                        "predicate_type": "minecraft:random_blockstate_match",
                        "block_state": {
                            "Name": "minecraft:nether_brick_stairs",
                            "Properties": {
                                "half": "top",
                                "facing": "south",
                                "shape": "straight",
                                "waterlogged": "false"
                            }
                        },
                        "probability": 0.375
                    },
                    "output_state": {
                        "Name": "minecraft:polished_blackstone_brick_stairs",
                        "Properties": {
                            "facing": "south",
                            "half": "top",
                            "shape": "straight",
                            "waterlogged": "false"
                        }
                    }
                },
                {
                    "location_predicate": {
                        "predicate_type": "minecraft:always_true"
                    },
                    "input_predicate": {
                        "predicate_type": "minecraft:random_blockstate_match",
                        "block_state": {
                            "Name": "minecraft:nether_brick_stairs",
                            "Properties": {
                                "half": "top",
                                "facing": "east",
                                "shape": "straight",
                                "waterlogged": "false"
                            }
                        },
                        "probability": 0.375
                    },
                    "output_state": {
                        "Name": "minecraft:polished_blackstone_brick_stairs",
                        "Properties": {
                            "facing": "east",
                            "half": "top",
                            "shape": "straight",
                            "waterlogged": "false"
                        }
                    }
                },
                {
                    "location_predicate": {
                        "predicate_type": "minecraft:always_true"
                    },
                    "input_predicate": {
                        "predicate_type": "minecraft:random_blockstate_match",
                        "block_state": {
                            "Name": "minecraft:nether_brick_stairs",
                            "Properties": {
                                "half": "top",
                                "facing": "west",
                                "shape": "straight",
                                "waterlogged": "false"
                            }
                        },
                        "probability": 0.375
                    },
                    "output_state": {
                        "Name": "minecraft:polished_blackstone_brick_stairs",
                        "Properties": {
                            "facing": "west",
                            "half": "top",
                            "shape": "straight",
                            "waterlogged": "false"
                        }
                    }
                },
                {
                    "location_predicate": {
                        "predicate_type": "minecraft:always_true"
                    },
                    "input_predicate": {
                        "predicate_type": "minecraft:random_blockstate_match",
                        "block_state": {
                            "Name": "minecraft:nether_brick_wall",
                            "Properties": {
                                "east": "tall",
                                "north": "tall",
                                "south": "none",
                                "up": "true",
                                "waterlogged": "false",
                                "west": "none"
                            }
                        },
                        "probability": 0.375
                    },
                    "output_state": {
                        "Name": "minecraft:polished_blackstone_brick_wall",
                        "Properties": {
                            "east": "tall",
                            "north": "tall",
                            "south": "none",
                            "up": "true",
                            "waterlogged": "false",
                            "west": "none"
                        }
                    }
                },
                {
                    "location_predicate": {
                        "predicate_type": "minecraft:always_true"
                    },
                    "input_predicate": {
                        "predicate_type": "minecraft:random_blockstate_match",
                        "block_state": {
                            "Name": "minecraft:nether_brick_wall",
                            "Properties": {
                                "east": "tall",
                                "north": "none",
                                "south": "tall",
                                "up": "true",
                                "waterlogged": "false",
                                "west": "none"
                            }
                        },
                        "probability": 0.375
                    },
                    "output_state": {
                        "Name": "minecraft:polished_blackstone_brick_wall",
                        "Properties": {
                            "east": "tall",
                            "north": "none",
                            "south": "tall",
                            "up": "true",
                            "waterlogged": "false",
                            "west": "none"
                        }
                    }
                },
                {
                    "location_predicate": {
                        "predicate_type": "minecraft:always_true"
                    },
                    "input_predicate": {
                        "predicate_type": "minecraft:random_blockstate_match",
                        "block_state": {
                            "Name": "minecraft:nether_brick_wall",
                            "Properties": {
                                "east": "none",
                                "north": "tall",
                                "south": "none",
                                "up": "true",
                                "waterlogged": "false",
                                "west": "tall"
                            }
                        },
                        "probability": 0.375
                    },
                    "output_state": {
                        "Name": "minecraft:polished_blackstone_brick_wall",
                        "Properties": {
                            "east": "none",
                            "north": "tall",
                            "south": "none",
                            "up": "true",
                            "waterlogged": "false",
                            "west": "tall"
                        }
                    }
                },
                {
                    "location_predicate": {
                        "predicate_type": "minecraft:always_true"
                    },
                    "input_predicate": {
                        "predicate_type": "minecraft:random_blockstate_match",
                        "block_state": {
                            "Name": "minecraft:nether_brick_wall",
                            "Properties": {
                                "east": "none",
                                "north": "none",
                                "south": "tall",
                                "up": "true",
                                "waterlogged": "false",
                                "west": "tall"
                            }
                        },
                        "probability": 0.375
                    },
                    "output_state": {
                        "Name": "minecraft:polished_blackstone_brick_wall",
                        "Properties": {
                            "east": "none",
                            "north": "none",
                            "south": "tall",
                            "up": "true",
                            "waterlogged": "false",
                            "west": "tall"
                        }
                    }
                },
                {
                    "location_predicate": {
                        "predicate_type": "minecraft:always_true"
                    },
                    "input_predicate": {
                        "predicate_type": "minecraft:random_blockstate_match",
                        "block_state": {
                            "Name": "minecraft:nether_brick_wall",
                            "Properties": {
                                "east": "none",
                                "north": "none",
                                "south": "low",
                                "up": "true",
                                "waterlogged": "false",
                                "west": "none"
                            }
                        },
                        "probability": 0.375
                    },
                    "output_state": {
                        "Name": "minecraft:polished_blackstone_brick_wall",
                        "Properties": {
                            "east": "none",
                            "north": "none",
                            "south": "low",
                            "up": "true",
                            "waterlogged": "false",
                            "west": "none"
                        }
                    }
                },
                {
                    "location_predicate": {
                        "predicate_type": "minecraft:always_true"
                    },
                    "input_predicate": {
                        "predicate_type": "minecraft:random_blockstate_match",
                        "block_state": {
                            "Name": "minecraft:nether_brick_wall",
                            "Properties": {
                                "north": "low",
                                "east": "none",
                                "south": "none",
                                "up": "true",
                                "waterlogged": "false",
                                "west": "none"
                            }
                        },
                        "probability": 0.375
                    },
                    "output_state": {
                        "Name": "minecraft:polished_blackstone_brick_wall",
                        "Properties": {
                            "north": "low",
                            "east": "none",
                            "south": "none",
                            "up": "true",
                            "waterlogged": "false",
                            "west": "none"
                        }
                    }
                },
                {
                    "location_predicate": {
                        "predicate_type": "minecraft:always_true"
                    },
                    "input_predicate": {
                        "predicate_type": "minecraft:random_blockstate_match",
                        "block_state": {
                            "Name": "minecraft:nether_brick_wall",
                            "Properties": {
                                "east": "none",
                                "north": "none",
                                "south": "none",
                                "up": "true",
                                "waterlogged": "false",
                                "west": "low"
                            }
                        },
                        "probability": 0.375
                    },
                    "output_state": {
                        "Name": "minecraft:polished_blackstone_brick_wall",
                        "Properties": {
                            "east": "none",
                            "north": "none",
                            "south": "none",
                            "up": "true",
                            "waterlogged": "false",
                            "west": "low"
                        }
                    }
                },
                {
                    "location_predicate": {
                        "predicate_type": "minecraft:always_true"
                    },
                    "input_predicate": {
                        "predicate_type": "minecraft:random_blockstate_match",
                        "block_state": {
                            "Name": "minecraft:nether_brick_wall",
                            "Properties": {
                                "east": "low",
                                "north": "none",
                                "south": "none",
                                "up": "true",
                                "waterlogged": "false",
                                "west": "none"
                            }
                        },
                        "probability": 0.375
                    },
                    "output_state": {
                        "Name": "minecraft:polished_blackstone_brick_wall",
                        "Properties": {
                            "east": "low",
                            "north": "none",
                            "south": "none",
                            "up": "true",
                            "waterlogged": "false",
                            "west": "none"
                        }
                    }
                }
            ]
        }
    ]
}