{
    "processors": [
        {
            "processor_type": "minecraft:rule",
            "rules": [
                {
                    "location_predicate": {
                        "predicate_type": "minecraft:always_true"
                    },
                    "input_predicate": {
                        "predicate_type": "minecraft:random_block_match",
                        "block": "minecraft:nether_wart",
                        "probability": 0.25
                    },
                    "output_state": {
                        "Name": "minecraft:nether_wart",
                        "Properties": {
                            "age": "1"
                        }
                    }
                },
                {
                    "location_predicate": {
                        "predicate_type": "minecraft:always_true"
                    },
                    "input_predicate": {
                        "predicate_type": "minecraft:random_block_match",
                        "block": "minecraft:nether_wart",
                        "probability": 0.25
                    },
                    "output_state": {
                        "Name": "minecraft:nether_wart",
                        "Properties": {
                            "age": "2"
                        }
                    }
                },
                {
                    "location_predicate": {
                        "predicate_type": "minecraft:always_true"
                    },
                    "input_predicate": {
                        "predicate_type": "minecraft:random_block_match",
                        "block": "minecraft:nether_wart",
                        "probability": 0.25
                    },
                    "output_state": {
                        "Name": "minecraft:nether_wart",
                        "Properties": {
                            "age": "3"
                        }
                    }
                },
                {
                    "location_predicate": {
                        "predicate_type": "minecraft:always_true"
                    },
                    "input_predicate": {
                        "predicate_type": "minecraft:random_block_match",
                        "block": "minecraft:nether_bricks",
                        "probability": 0.375
                    },
                    "output_state": {
                        "Name": "minecraft:cracked_nether_bricks"
                    }
                },
                {
                    "location_predicate": {
                        "predicate_type": "minecraft:always_true"
                    },
                    "input_predicate": {
                        "predicate_type": "minecraft:random_block_match",
                        "probability": 0.375,
                        "block": "minecraft:nether_bricks"
                    },
                    "output_state": {
                        "Name": "minecraft:polished_blackstone_bricks"
                    }
                },
                {
                    "location_predicate": {
                        "predicate_type": "minecraft:always_true"
                    },
                    "input_predicate": {
                        "predicate_type": "minecraft:random_block_match",
                        "probability": 0.375,
                        "block": "minecraft:nether_bricks"
                    },
                    "output_state": {
                        "Name": "minecraft:cracked_polished_blackstone_bricks"
                    }
                },
                {
                    "location_predicate": {
                        "predicate_type": "minecraft:always_true"
                    },
                    "input_predicate": {
                        "predicate_type": "minecraft:random_block_match",
                        "probability": 0.375,
                        "block": "minecraft:chiseled_nether_bricks"
                    },
                    "output_state": {
                        "Name": "minecraft:chiseled_polished_blackstone"
                    }
                },
                {
                    "location_predicate": {
                        "predicate_type": "minecraft:always_true"
                    },
                    "input_predicate": {
                        "predicate_type": "minecraft:random_blockstate_match",
                        "block_state": {
                            "Name": "minecraft:nether_brick_wall",
                            "Properties": {
                                "east": "tall",
                                "west": "tall",
                                "waterlogged": "false",
                                "up": "false",
                                "south": "none",
                                "north": "none"
                            }
                        },
                        "probability": 0.375
                    },
                    "output_state": {
                        "Name": "minecraft:polished_blackstone_brick_wall",
                        "Properties": {
                            "east": "tall",
                            "west": "tall",
                            "waterlogged": "false",
                            "up": "false",
                            "south": "none",
                            "north": "none"
                        }
                    }
                },
                {
                    "location_predicate": {
                        "predicate_type": "minecraft:always_true"
                    },
                    "input_predicate": {
                        "predicate_type": "minecraft:random_blockstate_match",
                        "block_state": {
                            "Name": "minecraft:nether_brick_wall",
                            "Properties": {
                                "east": "none",
                                "west": "none",
                                "waterlogged": "false",
                                "up": "false",
                                "south": "tall",
                                "north": "tall"
                            }
                        },
                        "probability": 0.375
                    },
                    "output_state": {
                        "Name": "minecraft:polished_blackstone_brick_wall",
                        "Properties": {
                            "east": "none",
                            "west": "none",
                            "waterlogged": "false",
                            "up": "false",
                            "south": "tall",
                            "north": "tall"
                        }
                    }
                },
                {
                    "location_predicate": {
                        "predicate_type": "minecraft:always_true"
                    },
                    "input_predicate": {
                        "predicate_type": "minecraft:random_blockstate_match",
                        "block_state": {
                            "Name": "minecraft:nether_brick_wall",
                            "Properties": {
                                "east": "none",
                                "north": "none",
                                "south": "none",
                                "up": "true",
                                "waterlogged": "false",
                                "west": "none"
                            }
                        },
                        "probability": 0.375
                    },
                    "output_state": {
                        "Name": "minecraft:polished_blackstone_brick_wall",
                        "Properties": {
                            "east": "none",
                            "north": "none",
                            "south": "none",
                            "up": "true",
                            "waterlogged": "false",
                            "west": "none"
                        }
                    }
                },
                {
                    "location_predicate": {
                        "predicate_type": "minecraft:always_true"
                    },
                    "input_predicate": {
                        "predicate_type": "minecraft:random_blockstate_match",
                        "block_state": {
                            "Name": "minecraft:nether_brick_stairs",
                            "Properties": {
                                "waterlogged": "false",
                                "half": "top",
                                "shape": "straight",
                                "facing": "north"
                            }
                        },
                        "probability": 0.375
                    },
                    "output_state": {
                        "Name": "minecraft:polished_blackstone_brick_stairs",
                        "Properties": {
                            "facing": "north",
                            "half": "top",
                            "shape": "straight",
                            "waterlogged": "false"
                        }
                    }
                },
                {
                    "location_predicate": {
                        "predicate_type": "minecraft:always_true"
                    },
                    "input_predicate": {
                        "predicate_type": "minecraft:random_blockstate_match",
                        "block_state": {
                            "Name": "minecraft:nether_brick_stairs",
                            "Properties": {
                                "half": "top",
                                "facing": "south",
                                "shape": "straight",
                                "waterlogged": "false"
                            }
                        },
                        "probability": 0.375
                    },
                    "output_state": {
                        "Name": "minecraft:polished_blackstone_brick_stairs",
                        "Properties": {
                            "facing": "south",
                            "half": "top",
                            "shape": "straight",
                            "waterlogged": "false"
                        }
                    }
                },
                {
                    "location_predicate": {
                        "predicate_type": "minecraft:always_true"
                    },
                    "input_predicate": {
                        "predicate_type": "minecraft:random_blockstate_match",
                        "block_state": {
                            "Name": "minecraft:nether_brick_stairs",
                            "Properties": {
                                "half": "top",
                                "facing": "east",
                                "shape": "straight",
                                "waterlogged": "false"
                            }
                        },
                        "probability": 0.375
                    },
                    "output_state": {
                        "Name": "minecraft:polished_blackstone_brick_stairs",
                        "Properties": {
                            "facing": "east",
                            "half": "top",
                            "shape": "straight",
                            "waterlogged": "false"
                        }
                    }
                },
                {
                    "location_predicate": {
                        "predicate_type": "minecraft:always_true"
                    },
                    "input_predicate": {
                        "predicate_type": "minecraft:random_blockstate_match",
                        "block_state": {
                            "Name": "minecraft:nether_brick_stairs",
                            "Properties": {
                                "half": "top",
                                "facing": "west",
                                "shape": "straight",
                                "waterlogged": "false"
                            }
                        },
                        "probability": 0.375
                    },
                    "output_state": {
                        "Name": "minecraft:polished_blackstone_brick_stairs",
                        "Properties": {
                            "facing": "west",
                            "half": "top",
                            "shape": "straight",
                            "waterlogged": "false"
                        }
                    }
                },
                {
                    "location_predicate": {
                        "predicate_type": "minecraft:always_true"
                    },
                    "input_predicate": {
                        "predicate_type": "minecraft:random_blockstate_match",
                        "block_state": {
                            "Name": "minecraft:nether_brick_wall",
                            "Properties": {
                                "east": "tall",
                                "north": "tall",
                                "south": "none",
                                "up": "true",
                                "waterlogged": "false",
                                "west": "none"
                            }
                        },
                        "probability": 0.375
                    },
                    "output_state": {
                        "Name": "minecraft:polished_blackstone_brick_wall",
                        "Properties": {
                            "east": "tall",
                            "north": "tall",
                            "south": "none",
                            "up": "true",
                            "waterlogged": "false",
                            "west": "none"
                        }
                    }
                },
                {
                    "location_predicate": {
                        "predicate_type": "minecraft:always_true"
                    },
                    "input_predicate": {
                        "predicate_type": "minecraft:random_blockstate_match",
                        "block_state": {
                            "Name": "minecraft:nether_brick_wall",
                            "Properties": {
                                "east": "tall",
                                "north": "none",
                                "south": "tall",
                                "up": "true",
                                "waterlogged": "false",
                                "west": "none"
                            }
                        },
                        "probability": 0.375
                    },
                    "output_state": {
                        "Name": "minecraft:polished_blackstone_brick_wall",
                        "Properties": {
                            "east": "tall",
                            "north": "none",
                            "south": "tall",
                            "up": "true",
                            "waterlogged": "false",
                            "west": "none"
                        }
                    }
                },
                {
                    "location_predicate": {
                        "predicate_type": "minecraft:always_true"
                    },
                    "input_predicate": {
                        "predicate_type": "minecraft:random_blockstate_match",
                        "block_state": {
                            "Name": "minecraft:nether_brick_wall",
                            "Properties": {
                                "east": "none",
                                "north": "tall",
                                "south": "none",
                                "up": "true",
                                "waterlogged": "false",
                                "west": "tall"
                            }
                        },
                        "probability": 0.375
                    },
                    "output_state": {
                        "Name": "minecraft:polished_blackstone_brick_wall",
                        "Properties": {
                            "east": "none",
                            "north": "tall",
                            "south": "none",
                            "up": "true",
                            "waterlogged": "false",
                            "west": "tall"
                        }
                    }
                },
                {
                    "location_predicate": {
                        "predicate_type": "minecraft:always_true"
                    },
                    "input_predicate": {
                        "predicate_type": "minecraft:random_blockstate_match",
                        "block_state": {
                            "Name": "minecraft:nether_brick_wall",
                            "Properties": {
                                "east": "none",
                                "north": "none",
                                "south": "tall",
                                "up": "true",
                                "waterlogged": "false",
                                "west": "tall"
                            }
                        },
                        "probability": 0.375
                    },
                    "output_state": {
                        "Name": "minecraft:polished_blackstone_brick_wall",
                        "Properties": {
                            "east": "none",
                            "north": "none",
                            "south": "tall",
                            "up": "true",
                            "waterlogged": "false",
                            "west": "tall"
                        }
                    }
                },
                {
                    "location_predicate": {
                        "predicate_type": "minecraft:always_true"
                    },
                    "input_predicate": {
                        "predicate_type": "minecraft:random_blockstate_match",
                        "block_state": {
                            "Name": "minecraft:nether_brick_wall",
                            "Properties": {
                                "east": "none",
                                "north": "none",
                                "south": "low",
                                "up": "true",
                                "waterlogged": "false",
                                "west": "none"
                            }
                        },
                        "probability": 0.375
                    },
                    "output_state": {
                        "Name": "minecraft:polished_blackstone_brick_wall",
                        "Properties": {
                            "east": "none",
                            "north": "none",
                            "south": "low",
                            "up": "true",
                            "waterlogged": "false",
                            "west": "none"
                        }
                    }
                },
                {
                    "location_predicate": {
                        "predicate_type": "minecraft:always_true"
                    },
                    "input_predicate": {
                        "predicate_type": "minecraft:random_blockstate_match",
                        "block_state": {
                            "Name": "minecraft:nether_brick_wall",
                            "Properties": {
                                "north": "low",
                                "east": "none",
                                "south": "none",
                                "up": "true",
                                "waterlogged": "false",
                                "west": "none"
                            }
                        },
                        "probability": 0.375
                    },
                    "output_state": {
                        "Name": "minecraft:polished_blackstone_brick_wall",
                        "Properties": {
                            "north": "low",
                            "east": "none",
                            "south": "none",
                            "up": "true",
                            "waterlogged": "false",
                            "west": "none"
                        }
                    }
                },
                {
                    "location_predicate": {
                        "predicate_type": "minecraft:always_true"
                    },
                    "input_predicate": {
                        "predicate_type": "minecraft:random_blockstate_match",
                        "block_state": {
                            "Name": "minecraft:nether_brick_wall",
                            "Properties": {
                                "east": "none",
                                "north": "none",
                                "south": "none",
                                "up": "true",
                                "waterlogged": "false",
                                "west": "low"
                            }
                        },
                        "probability": 0.375
                    },
                    "output_state": {
                        "Name": "minecraft:polished_blackstone_brick_wall",
                        "Properties": {
                            "east": "none",
                            "north": "none",
                            "south": "none",
                            "up": "true",
                            "waterlogged": "false",
                            "west": "low"
                        }
                    }
                },
                {
                    "location_predicate": {
                        "predicate_type": "minecraft:always_true"
                    },
                    "input_predicate": {
                        "predicate_type": "minecraft:random_blockstate_match",
                        "block_state": {
                            "Name": "minecraft:nether_brick_wall",
                            "Properties": {
                                "east": "low",
                                "north": "none",
                                "south": "none",
                                "up": "true",
                                "waterlogged": "false",
                                "west": "none"
                            }
                        },
                        "probability": 0.375
                    },
                    "output_state": {
                        "Name": "minecraft:polished_blackstone_brick_wall",
                        "Properties": {
                            "east": "low",
                            "north": "none",
                            "south": "none",
                            "up": "true",
                            "waterlogged": "false",
                            "west": "none"
                        }
                    }
                },
                {
                    "input_predicate": {
                        "predicate_type": "minecraft:random_block_match",
                        "block": "minecraft:polished_blackstone_bricks",
                        "probability": 0.1
                    },
                    "location_predicate": {
                        "predicate_type": "minecraft:always_true"
                    },
                    "output_state": {
                        "Name": "minecraft:polished_blackstone"
                    }
                },
                {
                    "input_predicate": {
                        "predicate_type": "minecraft:random_blockstate_match",
                        "block_state": {
                            "Name": "minecraft:polished_blackstone_brick_stairs",
                            "Properties": {
                                "facing": "east",
                                "half": "bottom",
                                "shape": "straight"
                            }
                        },
                        "probability": 0.1
                    },
                    "location_predicate": {
                        "predicate_type": "minecraft:always_true"
                    },
                    "output_state": {
                        "Name": "minecraft:polished_blackstone_stairs",
                        "Properties": {
                            "facing": "east",
                            "half": "bottom",
                            "shape": "straight"
                        }
                    }
                },
                {
                    "input_predicate": {
                        "predicate_type": "minecraft:random_blockstate_match",
                        "block_state": {
                            "Name": "minecraft:polished_blackstone_brick_stairs",
                            "Properties": {
                                "facing": "north",
                                "half": "bottom",
                                "shape": "straight"
                            }
                        },
                        "probability": 0.1
                    },
                    "location_predicate": {
                        "predicate_type": "minecraft:always_true"
                    },
                    "output_state": {
                        "Name": "minecraft:polished_blackstone_stairs",
                        "Properties": {
                            "facing": "north",
                            "half": "bottom",
                            "shape": "straight"
                        }
                    }
                },
                {
                    "input_predicate": {
                        "predicate_type": "minecraft:random_blockstate_match",
                        "block_state": {
                            "Name": "minecraft:polished_blackstone_brick_stairs",
                            "Properties": {
                                "facing": "south",
                                "half": "bottom",
                                "shape": "straight"
                            }
                        },
                        "probability": 0.1
                    },
                    "location_predicate": {
                        "predicate_type": "minecraft:always_true"
                    },
                    "output_state": {
                        "Name": "minecraft:polished_blackstone_stairs",
                        "Properties": {
                            "facing": "south",
                            "half": "bottom",
                            "shape": "straight"
                        }
                    }
                },
                {
                    "input_predicate": {
                        "predicate_type": "minecraft:random_blockstate_match",
                        "block_state": {
                            "Name": "minecraft:polished_blackstone_brick_stairs",
                            "Properties": {
                                "facing": "west",
                                "half": "bottom",
                                "shape": "straight"
                            }
                        },
                        "probability": 0.1
                    },
                    "location_predicate": {
                        "predicate_type": "minecraft:always_true"
                    },
                    "output_state": {
                        "Name": "minecraft:polished_blackstone_stairs",
                        "Properties": {
                            "facing": "west",
                            "half": "bottom",
                            "shape": "straight"
                        }
                    }
                }
            ]
        },
        {
            "processor_type": "minecraft:rule",
            "rules": [
                {
                    "input_predicate": {
                        "predicate_type": "minecraft:random_block_match",
                        "block": "minecraft:brewing_stand",
                        "probability": 0.2
                    },
                    "location_predicate": {
                        "predicate_type": "minecraft:always_true"
                    },
                    "output_state": {
                        "Name": "minecraft:brewing_stand",
                        "Properties": {
                            "has_bottle_0": "true"
                        }
                    },
                    "block_entity_modifier": {
                        "type": "minecraft:append_static",
                        "data": {
                            "Items": [
                                {
                                    "Slot": 0,
                                    "id": "minecraft:potion",
                                    "tag": {
                                        "Potion": "minecraft:long_fire_resistance"
                                    },
                                    "Count": 1
                                }
                            ]
                        }
                    }
                },
                {
                    "input_predicate": {
                        "predicate_type": "minecraft:random_block_match",
                        "block": "minecraft:brewing_stand",
                        "probability": 0.2
                    },
                    "location_predicate": {
                        "predicate_type": "minecraft:always_true"
                    },
                    "output_state": {
                        "Name": "minecraft:brewing_stand",
                        "Properties": {
                            "has_bottle_0": "true"
                        }
                    },
                    "block_entity_modifier": {
                        "type": "minecraft:append_static",
                        "data": {
                            "Items": [
                                {
                                    "Slot": 0,
                                    "id": "minecraft:potion",
                                    "tag": {
                                        "Potion": "minecraft:long_regeneration"
                                    },
                                    "Count": 1
                                }
                            ]
                        }
                    }
                },
                {
                    "input_predicate": {
                        "predicate_type": "minecraft:random_block_match",
                        "block": "minecraft:brewing_stand",
                        "probability": 0.2
                    },
                    "location_predicate": {
                        "predicate_type": "minecraft:always_true"
                    },
                    "output_state": {
                        "Name": "minecraft:brewing_stand",
                        "Properties": {
                            "has_bottle_1": "true"
                        }
                    },
                    "block_entity_modifier": {
                        "type": "minecraft:append_static",
                        "data": {
                            "Items": [
                                {
                                    "Slot": 1,
                                    "id": "minecraft:potion",
                                    "tag": {
                                        "Potion": "minecraft:long_fire_resistance"
                                    },
                                    "Count": 1
                                }
                            ]
                        }
                    }
                },
                {
                    "input_predicate": {
                        "predicate_type": "minecraft:random_block_match",
                        "block": "minecraft:brewing_stand",
                        "probability": 0.2
                    },
                    "location_predicate": {
                        "predicate_type": "minecraft:always_true"
                    },
                    "output_state": {
                        "Name": "minecraft:brewing_stand",
                        "Properties": {
                            "has_bottle_1": "true"
                        }
                    },
                    "block_entity_modifier": {
                        "type": "minecraft:append_static",
                        "data": {
                            "Items": [
                                {
                                    "Slot": 1,
                                    "id": "minecraft:potion",
                                    "tag": {
                                        "Potion": "minecraft:long_regeneration"
                                    },
                                    "Count": 1
                                }
                            ]
                        }
                    }
                },
                {
                    "input_predicate": {
                        "predicate_type": "minecraft:random_block_match",
                        "block": "minecraft:brewing_stand",
                        "probability": 0.2
                    },
                    "location_predicate": {
                        "predicate_type": "minecraft:always_true"
                    },
                    "output_state": {
                        "Name": "minecraft:brewing_stand",
                        "Properties": {
                            "has_bottle_2": "true"
                        }
                    },
                    "block_entity_modifier": {
                        "type": "minecraft:append_static",
                        "data": {
                            "Items": [
                                {
                                    "Slot": 2,
                                    "id": "minecraft:potion",
                                    "tag": {
                                        "Potion": "minecraft:long_fire_resistance"
                                    },
                                    "Count": 1
                                }
                            ]
                        }
                    }
                },
                {
                    "input_predicate": {
                        "predicate_type": "minecraft:random_block_match",
                        "block": "minecraft:brewing_stand",
                        "probability": 0.2
                    },
                    "location_predicate": {
                        "predicate_type": "minecraft:always_true"
                    },
                    "output_state": {
                        "Name": "minecraft:brewing_stand",
                        "Properties": {
                            "has_bottle_2": "true"
                        }
                    },
                    "block_entity_modifier": {
                        "type": "minecraft:append_static",
                        "data": {
                            "Items": [
                                {
                                    "Slot": 2,
                                    "id": "minecraft:potion",
                                    "tag": {
                                        "Potion": "minecraft:long_regeneration"
                                    },
                                    "Count": 1
                                }
                            ]
                        }
                    }
                }
            ]
        }
    ]
}