{
    "processors": [
        {
            "processor_type": "minecraft:rule",
            "rules": [
                {
                    "input_predicate": {
                        "predicate_type": "minecraft:block_match",
                        "block": "minecraft:spawner"
                    },
                    "location_predicate": {
                        "predicate_type": "minecraft:always_true"
                    },
                    "output_state": {
                        "Name": "minecraft:spawner"
                    },
                    "block_entity_modifier": {
                        "type": "minecraft:append_static",
                        "data": {
                            "SpawnCount": 4,
                            "SpawnRange": 16,
                            "Delay": 0,
                            "MinSpawnDelay": 120,
                            "MaxSpawnDelay": 240,
                            "MaxNearbyEntities": 6,
                            "RequiredPlayerRange": 32,
                            "SpawnPotentials":
                                [
                                    {
                                        "weight": 1,
                                        "data":
                                        {
                                            "custom_spawn_rules":{
                                                "block_light_limit": [
                                                    0,
                                                    15
                                                ]
                                            },
                                            "entity":{
                                                "id":"minecraft:ghast",
                                                "ExplosionPower": 2
                                            }
                                    }
                                }
                            ]
                        }
                    }
                }
            ]
        }
    ]
}