{
    "processors": [
        {
            "processor_type": "minecraft:rule",
            "rules": [
                {
                    "input_predicate": {
                        "predicate_type": "minecraft:random_block_match",
                        "block": "minecraft:polished_blackstone_bricks",
                        "probability": 0.375
                    },
                    "location_predicate": {
                        "predicate_type": "minecraft:always_true"
                    },
                    "output_state": {
                        "Name": "minecraft:cracked_polished_blackstone_bricks"
                    }
                },
                {
                    "input_predicate": {
                        "predicate_type": "minecraft:random_block_match",
                        "block": "minecraft:polished_blackstone_bricks",
                        "probability": 0.25
                    },
                    "location_predicate": {
                        "predicate_type": "minecraft:always_true"
                    },
                    "output_state": {
                        "Name": "minecraft:polished_blackstone"
                    }
                },
                {
                    "input_predicate": {
                        "predicate_type": "minecraft:random_blockstate_match",
                        "block_state": {
                            "Name": "minecraft:polished_blackstone_brick_stairs",
                            "Properties": {
                                "facing": "east",
                                "half": "bottom",
                                "shape": "straight"
                            }
                        },
                        "probability": 0.25
                    },
                    "location_predicate": {
                        "predicate_type": "minecraft:always_true"
                    },
                    "output_state": {
                        "Name": "minecraft:polished_blackstone_stairs",
                        "Properties": {
                            "facing": "east",
                            "half": "bottom",
                            "shape": "straight"
                        }
                    }
                },
                {
                    "input_predicate": {
                        "predicate_type": "minecraft:random_blockstate_match",
                        "block_state": {
                            "Name": "minecraft:polished_blackstone_brick_stairs",
                            "Properties": {
                                "facing": "north",
                                "half": "bottom",
                                "shape": "straight"
                            }
                        },
                        "probability": 0.25
                    },
                    "location_predicate": {
                        "predicate_type": "minecraft:always_true"
                    },
                    "output_state": {
                        "Name": "minecraft:polished_blackstone_stairs",
                        "Properties": {
                            "facing": "north",
                            "half": "bottom",
                            "shape": "straight"
                        }
                    }
                },
                {
                    "input_predicate": {
                        "predicate_type": "minecraft:random_blockstate_match",
                        "block_state": {
                            "Name": "minecraft:polished_blackstone_brick_stairs",
                            "Properties": {
                                "facing": "south",
                                "half": "bottom",
                                "shape": "straight"
                            }
                        },
                        "probability": 0.25
                    },
                    "location_predicate": {
                        "predicate_type": "minecraft:always_true"
                    },
                    "output_state": {
                        "Name": "minecraft:polished_blackstone_stairs",
                        "Properties": {
                            "facing": "south",
                            "half": "bottom",
                            "shape": "straight"
                        }
                    }
                },
                {
                    "input_predicate": {
                        "predicate_type": "minecraft:random_blockstate_match",
                        "block_state": {
                            "Name": "minecraft:polished_blackstone_brick_stairs",
                            "Properties": {
                                "facing": "west",
                                "half": "bottom",
                                "shape": "straight"
                            }
                        },
                        "probability": 0.25
                    },
                    "location_predicate": {
                        "predicate_type": "minecraft:always_true"
                    },
                    "output_state": {
                        "Name": "minecraft:polished_blackstone_stairs",
                        "Properties": {
                            "facing": "west",
                            "half": "bottom",
                            "shape": "straight"
                        }
                    }
                },
                {
                    "input_predicate": {
                        "predicate_type": "minecraft:random_block_match",
                        "block": "minecraft:iron_bars",
                        "probability": 0.1
                    },
                    "location_predicate": {
                        "predicate_type": "minecraft:always_true"
                    },
                    "output_state": {
                        "Name": "minecraft:air"
                    }
                }
            ]
        }
    ]
}