{
    "processors": [
        {
            "processor_type": "minecraft:block_rot",
            "integrity": 0.75,
            "rottable_blocks": [
                "minecraft:polished_blackstone_bricks",
                "minecraft:chiseled_polished_blackstone",
                "minecraft:skeleton_skull"
            ]
        },
        {
            "processor_type": "minecraft:rule",
            "rules": [
                {
                    "location_predicate": {
                        "predicate_type": "minecraft:always_true"
                    },
                    "input_predicate": {
                        "predicate_type": "minecraft:random_block_match",
                        "block": "minecraft:polished_blackstone_bricks",
                        "probability": 0.375
                    },
                    "output_state": {
                        "Name": "minecraft:cracked_polished_blackstone_bricks"
                    }
                }
            ]
        },
        {
            "processor_type": "minecraft:rule",
            "rules": [
                {
                    "input_predicate": {
                        "predicate_type": "minecraft:random_block_match",
                        "block": "minecraft:polished_blackstone",
                        "probability": 0.3
                    },
                    "location_predicate": {
                        "predicate_type": "minecraft:always_true"
                    },
                    "output_state": {
                        "Name": "minecraft:polished_blackstone_bricks"
                    }
                },
                {
                    "input_predicate": {
                        "predicate_type": "minecraft:random_block_match",
                        "block": "minecraft:polished_blackstone",
                        "probability": 0.2
                    },
                    "location_predicate": {
                        "predicate_type": "minecraft:always_true"
                    },
                    "output_state": {
                        "Name": "minecraft:cracked_polished_blackstone_bricks"
                    }
                },
                {
                    "input_predicate": {
                        "predicate_type": "minecraft:random_block_match",
                        "block": "minecraft:polished_blackstone",
                        "probability": 0.05
                    },
                    "location_predicate": {
                        "predicate_type": "minecraft:always_true"
                    },
                    "output_state": {
                        "Name": "minecraft:chiseled_polished_blackstone"
                    }
                },
                {
                    "input_predicate": {
                        "predicate_type": "minecraft:random_blockstate_match",
                        "block_state": {
                            "Name": "minecraft:polished_blackstone_wall"
                        },
                        "probability": 0.4
                    },
                    "location_predicate": {
                        "predicate_type": "minecraft:always_true"
                    },
                    "output_state": {
                        "Name": "minecraft:polished_blackstone_brick_wall"
                    }
                    
                },
                {
                    "input_predicate": {
                        "predicate_type": "minecraft:random_blockstate_match",
                        "block_state": {
                            "Name": "minecraft:polished_blackstone_wall"
                        },
                        "probability": 0.3
                    },
                    "location_predicate": {
                        "predicate_type": "minecraft:always_true"
                    },
                    "output_state": {
                        "Name": "minecraft:blackstone_wall"
                    }
                    
                },
                {
                    "input_predicate": {
                        "predicate_type": "minecraft:random_block_match",
                        "block": "minecraft:soul_lantern",
                        "probability": 0.334
                    },
                    "location_predicate": {
                        "predicate_type": "minecraft:always_true"
                    },
                    "output_state": {
                        "Name": "minecraft:air"
                    }
                }
            ]
        },
        {
            "processor_type": "minecraft:rule",
            "rules": [
                {
                    "input_predicate": {
                        "predicate_type": "minecraft:random_blockstate_match",
                        "block_state": {
                            "Name": "minecraft:skeleton_skull",
                            "Properties": {
                                "rotation": "2"
                            }
                        },
                        "probability": 0.125
                    },
                    "location_predicate": {
                        "predicate_type": "minecraft:always_true"
                    },
                    "output_state": {
                        "Name": "minecraft:wither_skeleton_skull",
                        "Properties": {
                            "rotation": "2"
                        }
                    }
                },
                {
                    "input_predicate": {
                        "predicate_type": "minecraft:random_blockstate_match",
                        "block_state": {
                            "Name": "minecraft:skeleton_skull",
                            "Properties": {
                                "rotation": "6"
                            }
                        },
                        "probability": 0.125
                    },
                    "location_predicate": {
                        "predicate_type": "minecraft:always_true"
                    },
                    "output_state": {
                        "Name": "minecraft:wither_skeleton_skull",
                        "Properties": {
                            "rotation": "6"
                        }
                    }
                },
                {
                    "input_predicate": {
                        "predicate_type": "minecraft:random_blockstate_match",
                        "block_state": {
                            "Name": "minecraft:skeleton_skull",
                            "Properties": {
                                "rotation": "11"
                            }
                        },
                        "probability": 0.125
                    },
                    "location_predicate": {
                        "predicate_type": "minecraft:always_true"
                    },
                    "output_state": {
                        "Name": "minecraft:wither_skeleton_skull",
                        "Properties": {
                            "rotation": "11"
                        }
                    }
                },
                {
                    "input_predicate": {
                        "predicate_type": "minecraft:random_blockstate_match",
                        "block_state": {
                            "Name": "minecraft:skeleton_skull",
                            "Properties": {
                                "rotation": "14"
                            }
                        },
                        "probability": 0.125
                    },
                    "location_predicate": {
                        "predicate_type": "minecraft:always_true"
                    },
                    "output_state": {
                        "Name": "minecraft:wither_skeleton_skull",
                        "Properties": {
                            "rotation": "14"
                        }
                    }
                }
            ]
        }
    ]
}