{
    "pools": [
        {
            "rolls": {
                "min": 0,
                "max": 1
            },
            "entries": [
                {
                    "type": "minecraft:item",
                    "name": "minecraft:book",
                    "functions": [
                        {
                            "function": "minecraft:enchant_with_levels",
                            "levels": 30,
                            "treasure": true,
                            "conditions": [
                                {
                                    "condition": "minecraft:random_chance",
                                    "chance": 0.175
                                }
                            ]
                        }
                    ]
                }
            ]
        }
    ]
}