{
    "feature": "knf:soul_sand_valley/bridge_staircase/window_gap",
    "placement": [
        {
            "type": "minecraft:count",
            "count": {
                "type": "minecraft:uniform",
                "min_inclusive": 0,
                "max_inclusive": 4
            }
        },
        {
            "type": "minecraft:random_offset",
            "xz_spread": {
                "type": "minecraft:uniform",
                "min_inclusive": -1,
                "max_inclusive": 1
            },
            "y_spread": {
                "type": "minecraft:uniform",
                "min_inclusive": 0,
                "max_inclusive": 3
            }
        }
    ]
}