{
    "type": "minecraft:disk",
    "config": {
        "state_provider": {
            "fallback": {
                "type": "minecraft:simple_state_provider",
                "state": {
                    "Name": "minecraft:nether_brick_fence",
                    "Properties": {
                        "west": "false",
                        "waterlogged": "false",
                        "south": "false",
                        "north": "false",
                        "east": "false"
                    }
                }
            },
            "rules": [
                { // east=true,west=true
                    "if_true": {
                        "type": "minecraft:all_of",
                        "predicates": [
                            {
                                "type": "minecraft:matching_block_tag",
                                "offset": [
                                    1,
                                    0,
                                    0
                                ],
                                "tag": "knf:can_connect_fence"
                            },
                            {
                                "type": "minecraft:matching_block_tag",
                                "offset": [
                                    -1,
                                    0,
                                    0
                                ],
                                "tag": "knf:can_connect_fence"
                            }
                        ]
                    },
                    "then": {
                        "type": "minecraft:simple_state_provider",
                        "state": {
                            "Name": "minecraft:nether_brick_fence",
                            "Properties": {
                                "east": "true",
                                "north": "false",
                                "south": "false",
                                "waterlogged": "false",
                                "west": "true"
                            }
                        }
                    }
                },
                { //north-south=true
                    "if_true": {
                        "type": "minecraft:all_of",
                        "predicates": [
                            {
                                "type": "minecraft:matching_block_tag",
                                "offset": [
                                    0,
                                    0,
                                    1
                                ],
                                "tag": "knf:can_connect_fence"
                            },
                            {
                                "type": "minecraft:matching_block_tag",
                                "offset": [
                                    0,
                                    0,
                                    -1
                                ],
                                "tag": "knf:can_connect_fence"
                            }
                        ]
                    },
                    "then": {
                        "type": "minecraft:simple_state_provider",
                        "state": {
                            "Name": "minecraft:nether_brick_fence",
                            "Properties": {
                                "east": "false",
                                "north": "true",
                                "south": "true",
                                "waterlogged": "false",
                                "west": "false"
                            }
                        }
                    }
                },
                {// east=true,west=false
                    "if_true": {
                        "type": "minecraft:all_of",
                        "predicates": [
                            {
                                "type": "minecraft:not",
                                "predicate": {
                                    "type": "minecraft:matching_block_tag",
                                    "offset": [
                                        -1,
                                        0,
                                        0
                                    ],
                                    "tag": "knf:can_connect_fence"
                                }
                            },
                            {
                                "type": "minecraft:matching_block_tag",
                                "offset": [
                                    1,
                                    0,
                                    0
                                ],
                                "tag": "knf:can_connect_fence"
                            }
                        ]
                    },
                    "then": {
                        "type": "minecraft:simple_state_provider",
                        "state": {
                            "Name": "minecraft:nether_brick_fence",
                            "Properties": {
                                "east": "true",
                                "north": "false",
                                "south": "false",
                                "waterlogged": "false",
                                "west": "false"
                            }
                        }
                    }
                },
                {
                    "if_true": {
                        "type": "minecraft:all_of",
                        "predicates": [
                            {
                                "type": "minecraft:matching_block_tag",
                                "offset": [
                                    0,
                                    0,
                                    1
                                ],
                                "tag": "knf:can_connect_fence"
                            },
                            {
                                "type": "minecraft:not",
                                "predicate": {
                                    "type": "minecraft:matching_block_tag",
                                    "offset": [
                                        0,
                                        0,
                                        -1
                                    ],
                                    "tag": "knf:can_connect_fence"
                                }
                            }
                        ]
                    },
                    "then": {
                        "type": "minecraft:simple_state_provider",
                        "state": {
                            "Name": "minecraft:nether_brick_fence",
                            "Properties": {
                                "south": "true",
                                "east": "false",
                                "north": "false",
                                "waterlogged": "false",
                                "west": "false"
                            }
                        }
                    }
                },
                {
                    "if_true": {
                        "type": "minecraft:all_of",
                        "predicates": [
                            {
                                "type": "minecraft:matching_block_tag",
                                "offset": [
                                    0,
                                    0,
                                    -1
                                ],
                                "tag": "knf:can_connect_fence"
                            },
                            {
                                "type": "minecraft:not",
                                "predicate": {
                                    "type": "minecraft:matching_block_tag",
                                    "offset": [
                                        0,
                                        0,
                                        1
                                    ],
                                    "tag": "knf:can_connect_fence"
                                }
                            }
                        ]
                    },
                    "then": {
                        "type": "minecraft:simple_state_provider",
                        "state": {
                            "Name": "minecraft:nether_brick_fence",
                            "Properties": {
                                "north": "true",
                                "east": "false",
                                "south": "false",
                                "waterlogged": "false",
                                "west": "false"
                            }
                        }
                    }
                },
                {
                    "if_true": {
                        "type": "minecraft:all_of",
                        "predicates": [
                            {
                                "type": "minecraft:matching_block_tag",
                                "offset": [
                                    -1,
                                    0,
                                    0
                                ],
                                "tag": "knf:can_connect_fence"
                            },
                            {
                                "type": "minecraft:not",
                                "predicate": {
                                    "type": "minecraft:matching_block_tag",
                                    "offset": [
                                        1,
                                        0,
                                        0
                                    ],
                                    "tag": "knf:can_connect_fence"
                                }
                            }
                        ]
                    },
                    "then": {
                        "type": "minecraft:simple_state_provider",
                        "state": {
                            "Name": "minecraft:nether_brick_fence",
                            "Properties": {
                                "west": "true",
                                "waterlogged": "false",
                                "south": "false",
                                "north": "false",
                                "east": "false"
                            }
                        }
                    }
                }
            ]
        },
        "target": {
            "type": "minecraft:true"
        },
        "radius": 0,
        "half_height": 0
    }
}