{
    "type": "minecraft:random_patch",
    "config": {
        "xz_spread": 9,
        "y_spread": 0,
        "tries": 180,
        "feature": {
            "feature": {
                "type": "minecraft:simple_block",
                "config": {
                    "to_place": {
                        "type": "minecraft:noise_provider",
                        "seed": 2345,
                        "noise": {
                            "firstOctave": 0,
                            "amplitudes": [
                                1,
                                1
                            ]
                        },
                        "scale": 1,
                        "states": [
                            {
                                "Name": "minecraft:magma_block"
                            },
                            {
                                "Name": "minecraft:lava",
                                "Properties": {
                                    "level": "0"
                                }
                            }
                        ]
                    }
                }
            },
            "placement": [
                {
                    "type": "minecraft:block_predicate_filter",
                    "predicate": {
                        "type": "minecraft:all_of",
                        "predicates": [
                            {
                                "type": "minecraft:matching_blocks",
                                "blocks": [
                                    "minecraft:nether_bricks",
                                    "minecraft:cracked_nether_bricks"
                                ]
                            },
                            {
                                "type": "minecraft:not",
                                "predicate": {
                                    "type": "minecraft:any_of",
                                    "predicates": [
                                        {
                                            "type": "minecraft:matching_blocks",
                                            "offset": [
                                                1,
                                                0,
                                                0
                                            ],
                                            "blocks": "minecraft:air"
                                        },
                                        {
                                            "type": "minecraft:matching_blocks",
                                            "offset": [
                                                -1,
                                                0,
                                                0
                                            ],
                                            "blocks": "minecraft:air"
                                        },
                                        {
                                            "type": "minecraft:matching_blocks",
                                            "offset": [
                                                0,
                                                0,
                                                1
                                            ],
                                            "blocks": "minecraft:air"
                                        },
                                        {
                                            "type": "minecraft:matching_blocks",
                                            "offset": [
                                                1,
                                                0,
                                                -1
                                            ],
                                            "blocks": "minecraft:air"
                                        }
                                    ]
                                }
                            }
                        ]
                    }
                }
            ]
        }
    }
}