{
    "type": "minecraft:chest",
    "pools": [
      {
        "rolls": {
          "min": 4,
          "max": 6
        },
        "entries": [
          {
            "type": "minecraft:item",
            "name": "minecraft:potion",
            "functions": [
              {
                "function": "minecraft:set_potion",
                "id": "minecraft:swiftness"
              }
            ]
          },
          {
            "type": "minecraft:item",
            "name": "minecraft:splash_potion",
            "functions": [
              {
                "function": "minecraft:set_potion",
                "id": "minecraft:slowness"
              }
            ]
          },
          {
            "type": "minecraft:item",
            "name": "minecraft:potion",
            "functions": [
              {
                "function": "minecraft:set_potion",
                "id": "minecraft:strong_strength"
              }
            ]
          },
          {
            "type": "minecraft:item",
            "name": "minecraft:splash_potion",
            "functions": [
              {
                "function": "minecraft:set_potion",
                "id": "minecraft:long_weakness"
              }
            ]
          },
          {
            "type": "minecraft:item",
            "name": "minecraft:potion",
            "functions": [
              {
                "function": "minecraft:set_potion",
                "id": "minecraft:healing"
              }
            ]
          },
          {
            "type": "minecraft:item",
            "name": "minecraft:splash_potion",
            "functions": [
              {
                "function": "minecraft:set_potion",
                "id": "minecraft:strong_harming"
              }
            ]
          },
          {
            "type": "minecraft:item",
            "name": "minecraft:potion",
            "functions": [
              {
                "function": "minecraft:set_potion",
                "id": "minecraft:long_regeneration"
              }
            ]
          },
          {
            "type": "minecraft:item",
            "name": "minecraft:splash_potion",
            "functions": [
              {
                "function": "minecraft:set_potion",
                "id": "minecraft:strong_poison"
              }
            ]
          },
          {
            "type": "minecraft:item",
            "name": "minecraft:potion",
            "functions": [
              {
                "function": "minecraft:set_potion",
                "id": "minecraft:long_fire_resistance"
              }
            ]
          },
          {
            "type": "minecraft:item",
            "name": "minecraft:gunpowder"
          },
          {
            "type": "minecraft:item",
            "name": "minecraft:sugar"
          },
          {
            "type": "minecraft:item",
            "name": "minecraft:glowstone_dust"
          },
          {
            "type": "minecraft:item",
            "name": "minecraft:redstone"
          }
        ]
      }
    ]
}  