{
    "type": "chest",
    "pools": [
        {
            "rolls": {
                "min": 6,
                "max": 13,
                "type": "minecraft:uniform"
            },
            "entries": [
                {
                    "type": "item",
                    "name": "diamond_block",
                    "functions": [
                        {
                            "function": "set_count",
                            "count": {
                                "max": 16,
                                "min": 2,
                                "type": "minecraft:uniform"
                            }
                        }
                    ]
                },
                {
                    "type": "item",
                    "name": "emerald_block",
                    "functions": [
                        {
                            "function": "set_count",
                            "count": {
                                "min": 8,
                                "max": 24
                            }
                        }
                    ]
                },
                {
                    "type": "item",
                    "name": "gold_block",
                    "functions": [
                        {
                            "function": "set_count",
                            "count": {
                                "min": 12,
                                "max": 24,
                                "type": "minecraft:uniform"
                            }
                        }
                    ]
                },
                {
                    "type": "item",
                    "name": "iron_block",
                    "functions": [
                        {
                            "function": "set_count",
                            "count": {
                                "min": 16,
                                "max": 27,
                                "type": "minecraft:uniform"
                            }
                        }
                    ]
                },
                {
                    "type": "item",
                    "name": "lapis_block",
                    "functions": [
                        {
                            "function": "set_count",
                            "count": {
                                "min": 18,
                                "max": 32
                            }
                        }
                    ]
                },
                {
                    "type": "item",
                    "name": "book",
                    "functions": [
                        {
                            "function": "enchant_with_levels",
                            "treasure": true,
                            "levels": 30
                        }
                    ]
                }
            ]
        }
    ]
}
