{
    "feature": {
        "type": "minecraft:simple_block",
        "config": {
            "to_place": {
                "type": "minecraft:randomized_int_state_provider",
                "property": "rotation",
                "values": {
                    "type": "minecraft:uniform",
                    "value": {
                        "min_inclusive": 0,
                        "max_inclusive": 15
                    }
                },
                "source": {
                    "type": "minecraft:weighted_state_provider",
                    "entries": [
                        {
                            "weight": 29,
                            "data": {
                                "Name": "minecraft:skeleton_skull",
                                "Properties": {
                                    "rotation": "8"
                                }
                            }
                        },
                        {
                            "weight": 1,
                            "data": {
                                "Name": "minecraft:wither_skeleton_skull",
                                "Properties": {
                                    "rotation": "8"
                                }
                            }
                        }
                    ]
                }
            }
        }
    },
    "placement": []
}