{
    "type": "minecraft:spline",
    "spline": {
        "coordinate": "minecraft:overworld/ridges_folded",
        "points": [
          {
            "derivative": 0.5,
            "location": -1.0,
            "value": -0.25
          },
          {
            "derivative": 0.0,
            "location": -0.4,
            "value": 0.05
          },
          {
            "derivative": 0.0,
            "location": 0.0,
            "value": 0.05
          },
          {
            "derivative": 0.0,
            "location": 0.4,
            "value": 0.05
          },
          {
            "derivative": 0.007000001,
            "location": 1.0,
            "value": 0.060000002
          }
        ]
      }
}