{
  "type": "minecraft:spline",
  "spline": {
    "coordinate": "minecraft:overworld/ridges_folded",
    "points": [
      {
        "location": -1,
        "value": -0.25,
        "derivative": 0.5
      },
      {
        "location": -0.4,
        "value": 0.05,
        "derivative": 0
      },
      {
        "location": 0,
        "value": 0.05,
        "derivative": 0
      },
      {
        "location": 0.4,
        "value": 0.05,
        "derivative": 0
      },
      {
        "location": 0.9961438127668503,
        "value": 0.2144198987888043,
        "derivative": 0.007000001
      }
    ]
  }
}