{
    "type": "minecraft:spline",
    "spline": {
        "coordinate": "minecraft:overworld/ridges_folded",
        "points": [
          {
            "derivative": 0.0,
            "location": -1.0,
            "value": 0.2
          },
          {
            "derivative": 0.43317974,
            "location": 0.0,
            "value": 0.44682026
          },
          {
            "derivative": 0.43317974,
            "location": 1.0,
            "value": 0.88
          }
        ]
    }
}