{
    "type": "minecraft:spline",
    "spline": {
        "coordinate": "minecraft:overworld/ridges_folded",
        "points": [
          {
            "derivative": 0.0,
            "location": -1.0,
            "value": 0.20235021
          },
          {
            "derivative": 0.5138249,
            "location": 0.0,
            "value": 0.7161751
          },
          {
            "derivative": 0.5138249,
            "location": 1.0,
            "value": 1.23
          }
        ]
      }
}