{
  "elements": [
    {
      "element": {
        "element_type": "minecraft:legacy_single_pool_element",
        "location": "minecraft:village/plains/zombie/villagers/nitwit",
        "processors": "minecraft:empty",
        "projection": "rigid"
      },
      "weight": 1
    },
    {
      "element": {
        "element_type": "minecraft:legacy_single_pool_element",
        "location": "minecraft:village/plains/zombie/villagers/unemployed",
        "processors": "minecraft:empty",
        "projection": "rigid"
      },
      "weight": 10
    }
  ],
  "fallback": "minecraft:empty",
  "name": "minecraft:village/plains/zombie/villagers"
}