{
  "feature": "minecraft:patch_red_mushroom",
  "placement": [
    {
      "type": "minecraft:rarity_filter",
      "chance": 2
    },
    {
      "type": "minecraft:in_square"
    },
    {
      "type": "minecraft:height_range",
      "height": {
        "type": "minecraft:uniform",
        "max_inclusive": {
          "below_top": 0
        },
        "min_inclusive": {
          "above_bottom": 0
        }
      }
    },
    {
      "type": "minecraft:block_predicate_filter",
      "predicate": {
          "type": "minecraft:not",
          "predicate": {
              "type": "minecraft:matching_blocks",
              "offset": [
                  0,
                  -1,
                  0
              ],
              "blocks": [
                "minecraft:bedrock"
              ]
          }
      }
    },
    {
      "type": "minecraft:biome"
    }
  ]
}