{
    "processors": [
        {
            "processor_type": "minecraft:rule",
            "rules": [
                {
                    "location_predicate": {
                        "predicate_type": "minecraft:always_true"
                    },
                    "input_predicate": {
                        "predicate_type": "minecraft:random_blockstate_match",
                        "block_state": {
                            "Name": "minecraft:bone_block",
                            "Properties": {
                                "axis": "x"
                            }
                        },
                        "probability": 0.25
                    },
                    "output_state": {
                        "Name": "minecraft:air"
                    }
                },
                {
                    "input_predicate": {
                        "predicate_type": "minecraft:random_blockstate_match",
                        "block_state": {
                            "Name": "minecraft:bone_block",
                            "Properties": {
                                "axis": "z"
                            }
                        },
                        "probability": 0.25
                    },
                    "output_state": {
                        "Name": "minecraft:air"
                    },
                    "location_predicate": {
                        "predicate_type": "minecraft:always_true"
                    }
                }
            ]
        }
    ]
}