{
    "SpawnerData":[
    {
        "SpawnCount":3,
        "SpawnData":{
            "entity":{
                "id":"minecraft:blaze"
            }
        }
    },
    {
        "SpawnCount":2,
        "SpawnData":
        {
            "entity":{
                "id":"minecraft:blaze"
            }
        }
    },
    {
        "SpawnCount":4,
        "SpawnData":{
            "entity":{
                "id":"minecraft:zombified_piglin",
                "HandItems":[
                    {
                        "id":"minecraft:golden_sword",
                        "Count":1
                    },
                    {}
                ]
            }
        },
        "SpawnPotentials":[
            {
                "weight":1,
                "data":{
                    "entity":{
                        "id":"minecraft:zombified_piglin",
                        "HandItems":[
                            {
                                "id":"minecraft:golden_sword",
                                "Count":1
                            },
                            {}
                        ]
                    }
                }
            },
            {
                "weight":1,
                "data":{
                    "entity":{
                        "id":"minecraft:zombified_piglin",
                        "HandItems":[
                            {},
                            {
                                "id":"minecraft:golden_sword",
                                "Count":1
                            }
                        ]
                    }
                }
            }
        ]
    },
    {
        "SpawnCount":4,
        "SpawnData":{
            "entity":{
                "id":"minecraft:wither_skeleton",
                "HandItems":[
                    {
                    "id":"minecraft:stone_sword",
                    "Count":1
                    },
                    {}
                ]
            }
        },
        "SpawnPotentials":
        [
            {
                "weight":1,
                "data":{
                    "entity":{
                        "id":"minecraft:wither_skeleton",
                        "HandItems":[
                            {
                                "id":"minecraft:stone_sword",
                                "Count":1
                            },
                            {}
                        ]
                    }
                }
            },
            {
                "weight":1,
                "data":{
                    "entity":{
                        "id":"minecraft:wither_skeleton",
                        "HandItems":[
                            {},
                            {
                                "id":"minecraft:stone_sword",
                                "Count":1
                            }
                        ]
                    }
                }
            }
        ]
    },
    {
        "SpawnCount":4,
        "SpawnData":{
            "entity":{
                "id":"minecraft:magma_cube",
                "Size":1
            }
        },
        "SpawnPotentials":[
            {
                "weight":1,
                "data":{
                    "entity":{
                        "id":"minecraft:magma_cube",
                        "Size":1
                        }
                    }
            },
            {
                "weight":1,
                "data":{
                    "entity":{
                        "id":"minecraft:magma_cube",
                        "Size":2
                        }
                    }
            },
            {
                "weight":1,
                "data":{
                    "entity":{
                        "id":"minecraft:magma_cube",
                        "Size":4
                        }
                    }
            }
        ]
    },
    {
        "SpawnCount":5,
        "SpawnData":{
            "entity":{
                "id":"minecraft:skeleton",
                "HandItems":[
                    {
                        "id":"minecraft:bow",
                        "Count":1
                    },
                    {}
                ]
            }
        },
        "SpawnPotentials":[
            {
                "weight":1,
                "data":{
                    "entity":{
                        "id":"minecraft:skeleton",
                        "HandItems":[
                            {
                                "id":"minecraft:bow",
                                "Count":1
                            },
                            {}
                        ]
                    }
                }
            },
            {
                "weight":1,
                "data":{
                    "entity":{
                        "id":"minecraft:skeleton",
                        "HandItems":[
                            {
                                "id":"minecraft:stone_sword",
                                "Count":1
                            },
                            {}
                        ]
                    }
                    }
                }
            ]
        },
        {
            "SpawnCount":1,
            "SpawnData":{
                "entity":{
                    "id":"minecraft:ghast",
                    "ExplosionPower":1
                }
            }
        },
        {
            "SpawnCount":4,
            "SpawnData":{
                "entity":{
                    "id":"minecraft:enderman"
                }
            }
        }
    ]
}