{
    "type": "minecraft:chest",
    "pools": [
      {
        "rolls": {
          "min": 0,
          "max": 1,
          "type": "minecraft:uniform"
        },
        "entries": [
          {
            "type": "minecraft:alternatives",
            "children": [
              {
                "type": "minecraft:item",
                "name": "minecraft:crossbow",
                "functions": [
                  {
                    "function": "minecraft:enchant_with_levels",
                    "levels": {
                      "min": 16,
                      "max": 30
                    },
                    "treasure": true
                  }
                ],
                "conditions": [
                  {
                    "condition": "random_chance",
                    "chance": 0.5
                  }
                ]
              },
              {
                "type": "minecraft:item",
                "name": "minecraft:crossbow"
              }
            ]
          }
        ]
      },
      {
        "rolls": {
          "min": 2.0,
          "max": 3.0,
          "type": "minecraft:uniform"
        },
        "entries": [
          {
            "type": "minecraft:item",
            "weight": 7,
            "functions": [
              {
                "function": "minecraft:set_count",
                "count": {
                  "min": 3.0,
                  "max": 5.0,
                  "type": "minecraft:uniform"
                }
              }
            ],
            "name": "minecraft:wheat"
          },
          {
            "type": "minecraft:item",
            "weight": 5,
            "functions": [
              {
                "function": "minecraft:set_count",
                "count": {
                  "min": 2.0,
                  "max": 5.0,
                  "type": "minecraft:uniform"
                }
              }
            ],
            "name": "minecraft:potato"
          },
          {
            "type": "minecraft:item",
            "weight": 5,
            "functions": [
              {
                "function": "minecraft:set_count",
                "count": {
                  "min": 3.0,
                  "max": 5.0,
                  "type": "minecraft:uniform"
                }
              }
            ],
            "name": "minecraft:carrot"
          },
          {
            "type": "minecraft:item",
            "weight": 5,
            "name": "minecraft:sweet_berries",
            "functions": [
              {
                "function": "minecraft:set_count",
                "count": {
                  "min": 4,
                  "max": 7,
                  "type": "minecraft:uniform"
                }
              }
            ]
          }
        ]
      },
      {
        "rolls": {
          "min": 1.0,
          "max": 3.0,
          "type": "minecraft:uniform"
        },
        "entries": [
          {
            "type": "minecraft:item",
            "functions": [
              {
                "function": "minecraft:set_count",
                "count": {
                  "min": 2.0,
                  "max": 3.0,
                  "type": "minecraft:uniform"
                }
              }
            ],
            "name": "minecraft:spruce_log"
          }
        ]
      },
      {
        "rolls": {
          "min": 2.0,
          "max": 3.0,
          "type": "minecraft:uniform"
        },
        "entries": [
          {
            "type": "minecraft:item",
            "weight": 7,
            "name": "minecraft:experience_bottle"
          },
          {
            "type": "minecraft:item",
            "weight": 4,
            "functions": [
              {
                "function": "minecraft:set_count",
                "count": {
                  "min": 1.0,
                  "max": 6.0,
                  "type": "minecraft:uniform"
                }
              }
            ],
            "name": "minecraft:string"
          },
          {
            "type": "minecraft:item",
            "weight": 4,
            "functions": [
              {
                "function": "minecraft:set_count",
                "count": {
                  "min": 2.0,
                  "max": 7.0,
                  "type": "minecraft:uniform"
                }
              }
            ],
            "name": "minecraft:arrow"
          },
          {
            "type": "minecraft:item",
            "weight": 3,
            "functions": [
              {
                "function": "minecraft:set_count",
                "count": {
                  "min": 1.0,
                  "max": 3.0,
                  "type": "minecraft:uniform"
                }
              }
            ],
            "name": "minecraft:tripwire_hook"
          },
          {
            "type": "minecraft:item",
            "weight": 3,
            "functions": [
              {
                "function": "minecraft:set_count",
                "count": {
                  "min": 1.0,
                  "max": 3.0,
                  "type": "minecraft:uniform"
                }
              }
            ],
            "name": "minecraft:iron_ingot"
          },
          {
            "type": "minecraft:item",
            "functions": [
              {
                "function": "minecraft:enchant_randomly"
              }
            ],
            "name": "minecraft:book"
          }
        ]
      },
      {
        "rolls": {
          "min": 1,
          "max": 4
        },
        "entries": [
          {
            "type": "minecraft:item",
            "name": "minecraft:diamond",
            "weight":1,
            "conditions": [
              {
                "condition": "minecraft:random_chance",
                "chance": 0.099
              }
            ]
          },
          {
            "type": "minecraft:item",
            "name": "minecraft:emerald",
            "conditions": [
              {
                "condition": "minecraft:random_chance",
                "chance": 0.172
              }
            ]
          },
          {
            "type": "minecraft:item",
            "name": "minecraft:gold_ingot",
            "conditions": [
              {
                "condition": "minecraft:random_chance",
                "chance": 0.172
              }
            ]
          }
        ]
      },
      {
          "rolls": {
              "min": 0,
              "max": 2,
              "type": "minecraft:uniform"
          },
          "entries": [
            {
                "type": "item",
                "name": "rabbit_hide",
                "weight": 6,
                "functions": [
                    {
                        "function": "set_count",
                        "count": {
                            "min": 2,
                            "max": 4,
                            "type": "minecraft:uniform"
                        }
                    }
                ]
            },
            {
                "type": "item",
                "name": "rabbit_foot",
                "weight": 3,
                "functions": [
                    {
                        "function": "set_count",
                        "count": {
                            "min": 2,
                            "max": 8,
                            "type": "minecraft:uniform"
                        }
                    }
                ]
            }
          ]
      }
    ]
  }