{
    "processors": [
        {
            "processor_type": "minecraft:rule",
            "rules": [
                {
                    "location_predicate": {
                        "predicate_type": "minecraft:always_true"
                    },
                    "input_predicate": {
                        "predicate_type": "minecraft:random_block_match",
                        "block": "minecraft:stone_bricks",
                        "probability": 0.3
                    },
                    "output_state": {
                        "Name": "minecraft:mossy_stone_bricks"
                    }
                },
                {
                    "location_predicate": {
                        "predicate_type": "minecraft:always_true"
                    },
                    "input_predicate": {
                        "predicate_type": "minecraft:random_block_match",
                        "block": "minecraft:stone_bricks",
                        "probability": 0.2
                    },
                    "output_state": {
                        "Name": "minecraft:cracked_stone_bricks"
                    }
                },
                {
                    "location_predicate": {
                        "predicate_type": "minecraft:always_true"
                    },
                    "input_predicate": {
                        "predicate_type": "minecraft:random_block_match",
                        "block": "minecraft:end_stone_bricks",
                        "probability": 0.05
                    },
                    "output_state": {
                        "Name": "minecraft:infested_stone_bricks"
                    }
                },
                {
                    "location_predicate": {
                        "predicate_type": "minecraft:always_true"
                    },
                    "input_predicate": {
                        "predicate_type": "minecraft:random_block_match",
                        "block": "minecraft:stone_bricks",
                        "probability": 0.05
                    },
                    "output_state": {
                        "Name": "minecraft:infested_mossy_stone_bricks"
                    }
                },
                {
                    "location_predicate": {
                        "predicate_type": "minecraft:always_true"
                    },
                    "input_predicate": {
                        "predicate_type": "minecraft:random_block_match",
                        "block": "minecraft:stone_bricks",
                        "probability": 0.05
                    },
                    "output_state": {
                        "Name": "minecraft:infested_cracked_stone_bricks"
                    }
                },
                {
                    "location_predicate": {
                        "predicate_type": "minecraft:always_true"
                    },
                    "input_predicate": {
                        "predicate_type": "minecraft:random_block_match",
                        "block": "minecraft:cobblestone",
                        "probability": 0.05
                    },
                    "output_state": {
                        "Name": "minecraft:infested_cobblestone"
                    }
                },
                {
                    "location_predicate": {
                        "predicate_type": "minecraft:always_true"
                    },
                    "input_predicate": {
                        "predicate_type": "minecraft:random_blockstate_match",
                        "block_state": {
                            "Name": "minecraft:end_portal_frame",
                            "Properties": {
                                "facing": "north",
                                "eye": "false"
                            }
                        },
                        "probability": 0.1
                    },
                    "output_state": {
                        "Name": "minecraft:end_portal_frame",
                        "Properties": {
                            "facing": "north",
                            "eye": "true"
                        }
                    }
                },
                {
                    "location_predicate": {
                        "predicate_type": "minecraft:always_true"
                    },
                    "input_predicate": {
                        "predicate_type": "minecraft:random_blockstate_match",
                        "block_state": {
                            "Name": "minecraft:end_portal_frame",
                            "Properties": {
                                "facing": "east",
                                "eye": "false"
                            }
                        },
                        "probability": 0.1
                    },
                    "output_state": {
                        "Name": "minecraft:end_portal_frame",
                        "Properties": {
                            "facing": "east",
                            "eye": "true"
                        }
                    }
                },
                {
                    "location_predicate": {
                        "predicate_type": "minecraft:always_true"
                    },
                    "input_predicate": {
                        "predicate_type": "minecraft:random_blockstate_match",
                        "block_state": {
                            "Name": "minecraft:end_portal_frame",
                            "Properties": {
                                "facing": "south",
                                "eye": "false"
                            }
                        },
                        "probability": 0.1
                    },
                    "output_state": {
                        "Name": "minecraft:end_portal_frame",
                        "Properties": {
                            "facing": "south",
                            "eye": "true"
                        }
                    }
                },
                {
                    "location_predicate": {
                        "predicate_type": "minecraft:always_true"
                    },
                    "input_predicate": {
                        "predicate_type": "minecraft:random_blockstate_match",
                        "block_state": {
                            "Name": "minecraft:end_portal_frame",
                            "Properties": {
                                "facing": "west",
                                "eye": "false"
                            }
                        },
                        "probability": 0.1
                    },
                    "output_state": {
                        "Name": "minecraft:end_portal_frame",
                        "Properties": {
                            "facing": "west",
                            "eye": "true"
                        }
                    }
                },
                {
                    "location_predicate": {
                        "predicate_type": "minecraft:always_true"
                    },
                    "input_predicate": {
                        "predicate_type": "minecraft:random_blockstate_match",
                        "block_state": {
                            "Name": "minecraft:stone_brick_stairs",
                            "Properties": {
                                "facing": "north",
                                "half": "bottom",
                                "shape": "straight",
                                "waterlogged": "false"
                            }
                        },
                        "probability": 0.3
                    },
                    "output_state": {
                        "Name": "minecraft:mossy_stone_brick_stairs",
                        "Properties": {
                            "half": "bottom",
                            "facing": "north",
                            "shape": "straight",
                            "waterlogged": "false"
                        }
                    }
                },
                {
                    "location_predicate": {
                        "predicate_type": "minecraft:always_true"
                    },
                    "input_predicate": {
                        "predicate_type": "minecraft:random_blockstate_match",
                        "block_state": {
                            "Name": "minecraft:stone_brick_stairs",
                            "Properties": {
                                "facing": "east",
                                "half": "bottom",
                                "shape": "straight",
                                "waterlogged": "false"
                            }
                        },
                        "probability": 0.3
                    },
                    "output_state": {
                        "Name": "minecraft:mossy_stone_brick_stairs",
                        "Properties": {
                            "half": "bottom",
                            "facing": "east",
                            "shape": "straight",
                            "waterlogged": "false"
                        }
                    }
                },
                {
                    "location_predicate": {
                        "predicate_type": "minecraft:always_true"
                    },
                    "input_predicate": {
                        "predicate_type": "minecraft:random_blockstate_match",
                        "block_state": {
                            "Name": "minecraft:stone_brick_stairs",
                            "Properties": {
                                "facing": "south",
                                "half": "bottom",
                                "shape": "straight",
                                "waterlogged": "false"
                            }
                        },
                        "probability": 0.3
                    },
                    "output_state": {
                        "Name": "minecraft:mossy_stone_brick_stairs",
                        "Properties": {
                            "half": "bottom",
                            "facing": "south",
                            "shape": "straight",
                            "waterlogged": "false"
                        }
                    }
                },
                {
                    "location_predicate": {
                        "predicate_type": "minecraft:always_true"
                    },
                    "input_predicate": {
                        "predicate_type": "minecraft:random_blockstate_match",
                        "block_state": {
                            "Name": "minecraft:stone_brick_stairs",
                            "Properties": {
                                "facing": "west",
                                "half": "bottom",
                                "shape": "straight",
                                "waterlogged": "false"
                            }
                        },
                        "probability": 0.3
                    },
                    "output_state": {
                        "Name": "minecraft:mossy_stone_brick_stairs",
                        "Properties": {
                            "half": "bottom",
                            "facing": "west",
                            "shape": "straight",
                            "waterlogged": "false"
                        }
                    }
                }
            ]
        }
    ]
}