{
    "type": "minecraft:entity",
    "pools": [
        {
            "rolls": 1,
            "entries": [
                {
                    "type": "minecraft:loot_table",
                    "name": "minecraft:entities/wither_skeleton"
                }
            ]
        },
        {
            "rolls": 1,
            "entries": [
                {
                    "type": "minecraft:item",
                    "name": "minecraft:tipped_arrow",
                    "functions": [
                        {
                            "function": "set_nbt",
                            "tag": "{display:{Name:'{\"text\":\"衰弱の矢\",\"italic\":false}'},CustomPotionEffects:[{Id:20b,Amplifier:0b,Duration:100}],CustomPotionColor:0}"
                        },
                        {
                            "function": "minecraft:set_count",
                            "count": {
                                "min": 0,
                                "max": 1,
                                "type": "minecraft:uniform"
                            }
                        },
                        {
                            "function": "minecraft:looting_enchant",
                            "count": {
                                "type": "minecraft:uniform",
                                "min": 0,
                                "max": 1
                            }
                        }
                    ],
                    "conditions": [
                        {
                            "condition": "minecraft:killed_by_player"
                        }
                    ]
                }
            ]
        }
    ]
}
