{
    "fallback": "minecraft:empty",
    "elements": [
        {
            "weight": 1,
            "element": {
                "element_type": "minecraft:legacy_single_pool_element",
                "projection": "rigid",
                "processors": "minecraft:empty",
                "location": "ksh:normal/gate/iron_bars"
            }
        },
        {
            "weight": 1,
            "element": {
                "element_type": "minecraft:legacy_single_pool_element",
                "projection": "rigid",
                "processors": "minecraft:empty",
                "location": "ksh:normal/gate/iron_door"
            }
        },
        {
            "weight": 1,
            "element": {
                "element_type": "minecraft:legacy_single_pool_element",
                "projection": "rigid",
                "processors": "minecraft:empty",
                "location": "ksh:normal/gate/wooden_door"
            }
        },
        {
            "weight": 1,
            "element": {
                "element_type": "minecraft:legacy_single_pool_element",
                "projection": "rigid",
                "processors": "minecraft:empty",
                "location": "ksh:normal/gate/gate_button"
            }
        },
        {
            "weight": 1,
            "element": {
                "element_type": "minecraft:legacy_single_pool_element",
                "projection": "rigid",
                "processors": "minecraft:empty",
                "location": "ksh:normal/gate/gate_button_opposite"
            }
        },
        {
            "weight": 1,
            "element": {
                "element_type": "minecraft:empty_pool_element",
                "projection": "rigid"
            }
        }
    ]
}