{
  "type": "add",
  "argument1": {
    "type": "flat_cache",
    "argument": {
      "type": "cache_2d",
      "argument": {
        "type": "add",
        "argument1": {
          "type": "mul",
          "argument1": {
            "type": "blend_offset"
          },
          "argument2": {
            "type": "add",
            "argument1": 1,
            "argument2": {
              "type": "mul",
              "argument1": -1,
              "argument2": {
                "type": "cache_once",
                "argument": {
                  "type": "blend_alpha"
                }
              }
            }
          }
        },
        "argument2": {
          "type": "mul",
          "argument1": {
            "type": "add",
            "argument1": -0.5037500262260437,
            "argument2": {
              "type": "minecraft:spline",
              "spline": {
                "coordinate": "minecraft:overworld/continents",
                "points": [
                  {
                    "location": -1.1,
                    "value": 0.044,
                    "derivative": 0
                  },
                  {
                    "location": -1.02,
                    "value": -0.2222,
                    "derivative": 0
                  },
                  {
                    "location": -0.51,
                    "value": -0.2222,
                    "derivative": 0
                  },
                  {
                    "location": -0.44,
                    "value": -0.12,
                    "derivative": 0
                  },
                  {
                    "location": -0.18,
                    "value": -0.12,
                    "derivative": 0
                  },
                  {
                    "location": -0.16,
                    "value": {
                      "coordinate": "minecraft:overworld/erosion",
                      "points": [
                        {
                          "location": -0.85,
                          "value": {
                            "coordinate": "minecraft:overworld/ridges_folded",
                            "points": [
                              {
                                "location": -1,
                                "value": -0.08880186,
                                "derivative": 0.38940096
                              },
                              {
                                "location": 1,
                                "value": 0.69000006,
                                "derivative": 0.38940096
                              }
                            ]
                          },
                          "derivative": 0
                        },
                        {
                          "location": -0.7,
                          "value": {
                            "coordinate": "minecraft:overworld/ridges_folded",
                            "points": [
                              {
                                "location": -1,
                                "value": -0.115760356,
                                "derivative": 0.37788022
                              },
                              {
                                "location": 1,
                                "value": 0.6400001,
                                "derivative": 0.37788022
                              }
                            ]
                          },
                          "derivative": 0
                        },
                        {
                          "location": -0.4,
                          "value": {
                            "coordinate": "minecraft:overworld/ridges_folded",
                            "points": [
                              {
                                "location": -1,
                                "value": -0.2222,
                                "derivative": 0
                              },
                              {
                                "location": -0.75,
                                "value": -0.2222,
                                "derivative": 0
                              },
                              {
                                "location": -0.65,
                                "value": 0,
                                "derivative": 0
                              },
                              {
                                "location": 0.5954547,
                                "value": 2.9802322e-8,
                                "derivative": 0
                              },
                              {
                                "location": 0.6054547,
                                "value": 2.9802322e-8,
                                "derivative": 0.2534563
                              },
                              {
                                "location": 1,
                                "value": 0.100000024,
                                "derivative": 0.2534563
                              }
                            ]
                          },
                          "derivative": 0
                        },
                        {
                          "location": -0.35,
                          "value": {
                            "coordinate": "minecraft:overworld/ridges_folded",
                            "points": [
                              {
                                "location": -1,
                                "value": -0.3,
                                "derivative": 0.5
                              },
                              {
                                "location": -0.4,
                                "value": 0.05,
                                "derivative": 0
                              },
                              {
                                "location": 0,
                                "value": 0.05,
                                "derivative": 0
                              },
                              {
                                "location": 0.4,
                                "value": 0.05,
                                "derivative": 0
                              },
                              {
                                "location": 1,
                                "value": 0.060000002,
                                "derivative": 0.007000001
                              }
                            ]
                          },
                          "derivative": 0
                        },
                        {
                          "location": -0.1,
                          "value": {
                            "coordinate": "minecraft:overworld/ridges_folded",
                            "points": [
                              {
                                "location": -1,
                                "value": -0.15,
                                "derivative": 0.5
                              },
                              {
                                "location": -0.4,
                                "value": 0,
                                "derivative": 0
                              },
                              {
                                "location": 0,
                                "value": 0,
                                "derivative": 0
                              },
                              {
                                "location": 0.4,
                                "value": 0.05,
                                "derivative": 0.1
                              },
                              {
                                "location": 1,
                                "value": 0.060000002,
                                "derivative": 0.007000001
                              }
                            ]
                          },
                          "derivative": 0
                        },
                        {
                          "location": 0.2,
                          "value": {
                            "coordinate": "minecraft:overworld/ridges_folded",
                            "points": [
                              {
                                "location": -1,
                                "value": -0.15,
                                "derivative": 0.5
                              },
                              {
                                "location": -0.4,
                                "value": 0,
                                "derivative": 0
                              },
                              {
                                "location": 0,
                                "value": 0,
                                "derivative": 0
                              },
                              {
                                "location": 0.4,
                                "value": 0,
                                "derivative": 0
                              },
                              {
                                "location": 1,
                                "value": 0,
                                "derivative": 0
                              }
                            ]
                          },
                          "derivative": 0
                        },
                        {
                          "location": 0.7,
                          "value": {
                            "coordinate": "minecraft:overworld/ridges_folded",
                            "points": [
                              {
                                "location": -1,
                                "value": -0.02,
                                "derivative": 0
                              },
                              {
                                "location": -0.4,
                                "value": -0.03,
                                "derivative": 0
                              },
                              {
                                "location": 0,
                                "value": -0.03,
                                "derivative": 0
                              },
                              {
                                "location": 0.4,
                                "value": 0,
                                "derivative": 0.06
                              },
                              {
                                "location": 1,
                                "value": 0,
                                "derivative": 0
                              }
                            ]
                          },
                          "derivative": 0
                        }
                      ]
                    },
                    "derivative": 0
                  },
                  {
                    "location": -0.15,
                    "value": {
                      "coordinate": "minecraft:overworld/erosion",
                      "points": [
                        {
                          "location": -0.85,
                          "value": {
                            "coordinate": "minecraft:overworld/ridges_folded",
                            "points": [
                              {
                                "location": -1,
                                "value": -0.08880186,
                                "derivative": 0.38940096
                              },
                              {
                                "location": 1,
                                "value": 0.69000006,
                                "derivative": 0.38940096
                              }
                            ]
                          },
                          "derivative": 0
                        },
                        {
                          "location": -0.7,
                          "value": {
                            "coordinate": "minecraft:overworld/ridges_folded",
                            "points": [
                              {
                                "location": -1,
                                "value": -0.115760356,
                                "derivative": 0.37788022
                              },
                              {
                                "location": 1,
                                "value": 0.6400001,
                                "derivative": 0.37788022
                              }
                            ]
                          },
                          "derivative": 0
                        },
                        {
                          "location": -0.4,
                          "value": {
                            "coordinate": "minecraft:overworld/ridges_folded",
                            "points": [
                              {
                                "location": -1,
                                "value": -0.2222,
                                "derivative": 0
                              },
                              {
                                "location": -0.75,
                                "value": -0.2222,
                                "derivative": 0
                              },
                              {
                                "location": -0.65,
                                "value": 0,
                                "derivative": 0
                              },
                              {
                                "location": 0.5954547,
                                "value": 2.9802322e-8,
                                "derivative": 0
                              },
                              {
                                "location": 0.6054547,
                                "value": 2.9802322e-8,
                                "derivative": 0.2534563
                              },
                              {
                                "location": 1,
                                "value": 0.100000024,
                                "derivative": 0.2534563
                              }
                            ]
                          },
                          "derivative": 0
                        },
                        {
                          "location": -0.35,
                          "value": {
                            "coordinate": "minecraft:overworld/ridges_folded",
                            "points": [
                              {
                                "location": -1,
                                "value": -0.3,
                                "derivative": 0.5
                              },
                              {
                                "location": -0.4,
                                "value": 0.05,
                                "derivative": 0
                              },
                              {
                                "location": 0,
                                "value": 0.05,
                                "derivative": 0
                              },
                              {
                                "location": 0.4,
                                "value": 0.05,
                                "derivative": 0
                              },
                              {
                                "location": 1,
                                "value": 0.060000002,
                                "derivative": 0.007000001
                              }
                            ]
                          },
                          "derivative": 0
                        },
                        {
                          "location": -0.1,
                          "value": {
                            "coordinate": "minecraft:overworld/ridges_folded",
                            "points": [
                              {
                                "location": -1,
                                "value": -0.15,
                                "derivative": 0.5
                              },
                              {
                                "location": -0.4,
                                "value": 0,
                                "derivative": 0
                              },
                              {
                                "location": 0,
                                "value": 0,
                                "derivative": 0
                              },
                              {
                                "location": 0.4,
                                "value": 0.05,
                                "derivative": 0.1
                              },
                              {
                                "location": 1,
                                "value": 0.060000002,
                                "derivative": 0.007000001
                              }
                            ]
                          },
                          "derivative": 0
                        },
                        {
                          "location": 0.2,
                          "value": {
                            "coordinate": "minecraft:overworld/ridges_folded",
                            "points": [
                              {
                                "location": -1,
                                "value": -0.15,
                                "derivative": 0.5
                              },
                              {
                                "location": -0.4,
                                "value": 0,
                                "derivative": 0
                              },
                              {
                                "location": 0,
                                "value": 0,
                                "derivative": 0
                              },
                              {
                                "location": 0.4,
                                "value": 0,
                                "derivative": 0
                              },
                              {
                                "location": 1,
                                "value": 0,
                                "derivative": 0
                              }
                            ]
                          },
                          "derivative": 0
                        },
                        {
                          "location": 0.7,
                          "value": {
                            "coordinate": "minecraft:overworld/ridges_folded",
                            "points": [
                              {
                                "location": -1,
                                "value": -0.02,
                                "derivative": 0
                              },
                              {
                                "location": -0.4,
                                "value": -0.03,
                                "derivative": 0
                              },
                              {
                                "location": 0,
                                "value": -0.03,
                                "derivative": 0
                              },
                              {
                                "location": 0.4,
                                "value": 0,
                                "derivative": 0.06
                              },
                              {
                                "location": 1,
                                "value": 0,
                                "derivative": 0
                              }
                            ]
                          },
                          "derivative": 0
                        }
                      ]
                    },
                    "derivative": 0
                  },
                  {
                    "location": -0.1,
                    "value": {
                      "coordinate": "minecraft:overworld/erosion",
                      "points": [
                        {
                          "location": -0.85,
                          "value": {
                            "coordinate": "minecraft:overworld/ridges_folded",
                            "points": [
                              {
                                "location": -1,
                                "value": -0.08880186,
                                "derivative": 0.38940096
                              },
                              {
                                "location": 1,
                                "value": 0.69000006,
                                "derivative": 0.38940096
                              }
                            ]
                          },
                          "derivative": 0
                        },
                        {
                          "location": -0.7,
                          "value": {
                            "coordinate": "minecraft:overworld/ridges_folded",
                            "points": [
                              {
                                "location": -1,
                                "value": -0.115760356,
                                "derivative": 0.37788022
                              },
                              {
                                "location": 1,
                                "value": 0.6400001,
                                "derivative": 0.37788022
                              }
                            ]
                          },
                          "derivative": 0
                        },
                        {
                          "location": -0.4,
                          "value": {
                            "coordinate": "minecraft:overworld/ridges_folded",
                            "points": [
                              {
                                "location": -1,
                                "value": -0.2222,
                                "derivative": 0
                              },
                              {
                                "location": -0.75,
                                "value": -0.2222,
                                "derivative": 0
                              },
                              {
                                "location": -0.65,
                                "value": 0,
                                "derivative": 0
                              },
                              {
                                "location": 0.5954547,
                                "value": 2.9802322e-8,
                                "derivative": 0
                              },
                              {
                                "location": 0.6054547,
                                "value": 2.9802322e-8,
                                "derivative": 0.2534563
                              },
                              {
                                "location": 1,
                                "value": 0.100000024,
                                "derivative": 0.2534563
                              }
                            ]
                          },
                          "derivative": 0
                        },
                        {
                          "location": -0.35,
                          "value": {
                            "coordinate": "minecraft:overworld/ridges_folded",
                            "points": [
                              {
                                "location": -1,
                                "value": -0.25,
                                "derivative": 0.5
                              },
                              {
                                "location": -0.4,
                                "value": 0.05,
                                "derivative": 0
                              },
                              {
                                "location": 0,
                                "value": 0.05,
                                "derivative": 0
                              },
                              {
                                "location": 0.4,
                                "value": 0.05,
                                "derivative": 0
                              },
                              {
                                "location": 1,
                                "value": 0.060000002,
                                "derivative": 0.007000001
                              }
                            ]
                          },
                          "derivative": 0
                        },
                        {
                          "location": -0.1,
                          "value": {
                            "coordinate": "minecraft:overworld/ridges_folded",
                            "points": [
                              {
                                "location": -1,
                                "value": -0.1,
                                "derivative": 0.5
                              },
                              {
                                "location": -0.4,
                                "value": 0.001,
                                "derivative": 0.01
                              },
                              {
                                "location": 0,
                                "value": 0.003,
                                "derivative": 0.01
                              },
                              {
                                "location": 0.4,
                                "value": 0.05,
                                "derivative": 0.094000004
                              },
                              {
                                "location": 1,
                                "value": 0.060000002,
                                "derivative": 0.007000001
                              }
                            ]
                          },
                          "derivative": 0
                        },
                        {
                          "location": 0.2,
                          "value": {
                            "coordinate": "minecraft:overworld/ridges_folded",
                            "points": [
                              {
                                "location": -1,
                                "value": -0.1,
                                "derivative": 0.5
                              },
                              {
                                "location": -0.4,
                                "value": 0.01,
                                "derivative": 0
                              },
                              {
                                "location": 0,
                                "value": 0.01,
                                "derivative": 0
                              },
                              {
                                "location": 0.4,
                                "value": 0.03,
                                "derivative": 0.04
                              },
                              {
                                "location": 1,
                                "value": 0.1,
                                "derivative": 0.049
                              }
                            ]
                          },
                          "derivative": 0
                        },
                        {
                          "location": 0.7,
                          "value": {
                            "coordinate": "minecraft:overworld/ridges_folded",
                            "points": [
                              {
                                "location": -1,
                                "value": -0.02,
                                "derivative": 0
                              },
                              {
                                "location": -0.4,
                                "value": -0.03,
                                "derivative": 0
                              },
                              {
                                "location": 0,
                                "value": -0.03,
                                "derivative": 0
                              },
                              {
                                "location": 0.4,
                                "value": 0.03,
                                "derivative": 0.12
                              },
                              {
                                "location": 1,
                                "value": 0.1,
                                "derivative": 0.049
                              }
                            ]
                          },
                          "derivative": 0
                        }
                      ]
                    },
                    "derivative": 0
                  },
                  {
                    "location": 0.25,
                    "value": {
                      "coordinate": "minecraft:overworld/erosion",
                      "points": [
                        {
                          "location": -0.85,
                          "value": {
                            "coordinate": "minecraft:overworld/ridges_folded",
                            "points": [
                              {
                                "location": -1,
                                "value": 0.20235021,
                                "derivative": 0
                              },
                              {
                                "location": 0,
                                "value": 0.7161751,
                                "derivative": 0.5138249
                              },
                              {
                                "location": 1,
                                "value": 1.23,
                                "derivative": 0.5138249
                              }
                            ]
                          },
                          "derivative": 0
                        },
                        {
                          "location": -0.7,
                          "value": {
                            "coordinate": "minecraft:overworld/ridges_folded",
                            "points": [
                              {
                                "location": -1,
                                "value": 0.2,
                                "derivative": 0
                              },
                              {
                                "location": 0,
                                "value": 0.44682026,
                                "derivative": 0.43317974
                              },
                              {
                                "location": 1,
                                "value": 0.88,
                                "derivative": 0.43317974
                              }
                            ]
                          },
                          "derivative": 0
                        },
                        {
                          "location": -0.4,
                          "value": {
                            "coordinate": "minecraft:overworld/ridges_folded",
                            "points": [
                              {
                                "location": -1,
                                "value": 0.2,
                                "derivative": 0
                              },
                              {
                                "location": 0,
                                "value": 0.30829495,
                                "derivative": 0.3917051
                              },
                              {
                                "location": 1,
                                "value": 0.70000005,
                                "derivative": 0.3917051
                              }
                            ]
                          },
                          "derivative": 0
                        },
                        {
                          "location": -0.35,
                          "value": {
                            "coordinate": "minecraft:overworld/ridges_folded",
                            "points": [
                              {
                                "location": -1,
                                "value": -0.25,
                                "derivative": 0.5
                              },
                              {
                                "location": -0.4,
                                "value": 0.35,
                                "derivative": 0
                              },
                              {
                                "location": 0,
                                "value": 0.35,
                                "derivative": 0
                              },
                              {
                                "location": 0.4,
                                "value": 0.35,
                                "derivative": 0
                              },
                              {
                                "location": 1,
                                "value": 0.42000002,
                                "derivative": 0.049000014
                              }
                            ]
                          },
                          "derivative": 0
                        },
                        {
                          "location": -0.1,
                          "value": {
                            "coordinate": "minecraft:overworld/ridges_folded",
                            "points": [
                              {
                                "location": -1,
                                "value": -0.1,
                                "derivative": 0.5
                              },
                              {
                                "location": -0.4,
                                "value": 0.0069999998,
                                "derivative": 0.07
                              },
                              {
                                "location": 0,
                                "value": 0.021,
                                "derivative": 0.07
                              },
                              {
                                "location": 0.4,
                                "value": 0.35,
                                "derivative": 0.658
                              },
                              {
                                "location": 1,
                                "value": 0.42000002,
                                "derivative": 0.049000014
                              }
                            ]
                          },
                          "derivative": 0
                        },
                        {
                          "location": 0.2,
                          "value": {
                            "coordinate": "minecraft:overworld/ridges_folded",
                            "points": [
                              {
                                "location": -1,
                                "value": -0.1,
                                "derivative": 0.5
                              },
                              {
                                "location": -0.4,
                                "value": 0.01,
                                "derivative": 0
                              },
                              {
                                "location": 0,
                                "value": 0.01,
                                "derivative": 0
                              },
                              {
                                "location": 0.4,
                                "value": 0.03,
                                "derivative": 0.04
                              },
                              {
                                "location": 1,
                                "value": 0.1,
                                "derivative": 0.049
                              }
                            ]
                          },
                          "derivative": 0
                        },
                        {
                          "location": 0.4,
                          "value": {
                            "coordinate": "minecraft:overworld/ridges_folded",
                            "points": [
                              {
                                "location": -1,
                                "value": -0.1,
                                "derivative": 0.5
                              },
                              {
                                "location": -0.4,
                                "value": 0.01,
                                "derivative": 0
                              },
                              {
                                "location": 0,
                                "value": 0.01,
                                "derivative": 0
                              },
                              {
                                "location": 0.4,
                                "value": 0.03,
                                "derivative": 0.04
                              },
                              {
                                "location": 1,
                                "value": 0.1,
                                "derivative": 0.049
                              }
                            ]
                          },
                          "derivative": 0
                        },
                        {
                          "location": 0.45,
                          "value": {
                            "coordinate": "minecraft:overworld/ridges_folded",
                            "points": [
                              {
                                "location": -1,
                                "value": -0.1,
                                "derivative": 0
                              },
                              {
                                "location": -0.4,
                                "value": {
                                  "coordinate": "minecraft:overworld/ridges_folded",
                                  "points": [
                                    {
                                      "location": -1,
                                      "value": -0.1,
                                      "derivative": 0.5
                                    },
                                    {
                                      "location": -0.4,
                                      "value": 0.01,
                                      "derivative": 0
                                    },
                                    {
                                      "location": 0,
                                      "value": 0.01,
                                      "derivative": 0
                                    },
                                    {
                                      "location": 0.4,
                                      "value": 0.03,
                                      "derivative": 0.04
                                    },
                                    {
                                      "location": 1,
                                      "value": 0.1,
                                      "derivative": 0.049
                                    }
                                  ]
                                },
                                "derivative": 0
                              },
                              {
                                "location": 0,
                                "value": 0.17,
                                "derivative": 0
                              }
                            ]
                          },
                          "derivative": 0
                        },
                        {
                          "location": 0.55,
                          "value": {
                            "coordinate": "minecraft:overworld/ridges_folded",
                            "points": [
                              {
                                "location": -1,
                                "value": -0.1,
                                "derivative": 0
                              },
                              {
                                "location": -0.4,
                                "value": {
                                  "coordinate": "minecraft:overworld/ridges_folded",
                                  "points": [
                                    {
                                      "location": -1,
                                      "value": -0.1,
                                      "derivative": 0.5
                                    },
                                    {
                                      "location": -0.4,
                                      "value": 0.01,
                                      "derivative": 0
                                    },
                                    {
                                      "location": 0,
                                      "value": 0.01,
                                      "derivative": 0
                                    },
                                    {
                                      "location": 0.4,
                                      "value": 0.03,
                                      "derivative": 0.04
                                    },
                                    {
                                      "location": 1,
                                      "value": 0.1,
                                      "derivative": 0.049
                                    }
                                  ]
                                },
                                "derivative": 0
                              },
                              {
                                "location": 0,
                                "value": 0.17,
                                "derivative": 0
                              }
                            ]
                          },
                          "derivative": 0
                        },
                        {
                          "location": 0.58,
                          "value": {
                            "coordinate": "minecraft:overworld/ridges_folded",
                            "points": [
                              {
                                "location": -1,
                                "value": -0.1,
                                "derivative": 0.5
                              },
                              {
                                "location": -0.4,
                                "value": 0.01,
                                "derivative": 0
                              },
                              {
                                "location": 0,
                                "value": 0.01,
                                "derivative": 0
                              },
                              {
                                "location": 0.4,
                                "value": 0.03,
                                "derivative": 0.04
                              },
                              {
                                "location": 1,
                                "value": 0.1,
                                "derivative": 0.049
                              }
                            ]
                          },
                          "derivative": 0
                        },
                        {
                          "location": 0.7,
                          "value": {
                            "coordinate": "minecraft:overworld/ridges_folded",
                            "points": [
                              {
                                "location": -1,
                                "value": -0.02,
                                "derivative": 0
                              },
                              {
                                "location": -0.4,
                                "value": -0.03,
                                "derivative": 0
                              },
                              {
                                "location": 0,
                                "value": -0.03,
                                "derivative": 0
                              },
                              {
                                "location": 0.4,
                                "value": 0.03,
                                "derivative": 0.12
                              },
                              {
                                "location": 1,
                                "value": 0.1,
                                "derivative": 0.049
                              }
                            ]
                          },
                          "derivative": 0
                        }
                      ]
                    },
                    "derivative": 0
                  },
                  {
                    "location": 1,
                    "value": {
                      "coordinate": "minecraft:overworld/erosion",
                      "points": [
                        {
                          "location": -0.85,
                          "value": {
                            "coordinate": "minecraft:overworld/ridges_folded",
                            "points": [
                              {
                                "location": -1,
                                "value": 0.34792626,
                                "derivative": 0
                              },
                              {
                                "location": 0,
                                "value": 0.9239631,
                                "derivative": 0.5760369
                              },
                              {
                                "location": 1,
                                "value": 1.5,
                                "derivative": 0.5760369
                              }
                            ]
                          },
                          "derivative": 0
                        },
                        {
                          "location": -0.7,
                          "value": {
                            "coordinate": "minecraft:overworld/ridges_folded",
                            "points": [
                              {
                                "location": -1,
                                "value": 0.2,
                                "derivative": 0
                              },
                              {
                                "location": 0,
                                "value": 0.5391705,
                                "derivative": 0.4608295
                              },
                              {
                                "location": 1,
                                "value": 1,
                                "derivative": 0.4608295
                              }
                            ]
                          },
                          "derivative": 0
                        },
                        {
                          "location": -0.4,
                          "value": {
                            "coordinate": "minecraft:overworld/ridges_folded",
                            "points": [
                              {
                                "location": -1,
                                "value": 0.2,
                                "derivative": 0
                              },
                              {
                                "location": 0,
                                "value": 0.5391705,
                                "derivative": 0.4608295
                              },
                              {
                                "location": 1,
                                "value": 1,
                                "derivative": 0.4608295
                              }
                            ]
                          },
                          "derivative": 0
                        },
                        {
                          "location": -0.35,
                          "value": {
                            "coordinate": "minecraft:overworld/ridges_folded",
                            "points": [
                              {
                                "location": -1,
                                "value": -0.2,
                                "derivative": 0.5
                              },
                              {
                                "location": -0.4,
                                "value": 0.5,
                                "derivative": 0
                              },
                              {
                                "location": 0,
                                "value": 0.5,
                                "derivative": 0
                              },
                              {
                                "location": 0.4,
                                "value": 0.5,
                                "derivative": 0
                              },
                              {
                                "location": 1,
                                "value": 0.6,
                                "derivative": 0.070000015
                              }
                            ]
                          },
                          "derivative": 0
                        },
                        {
                          "location": -0.1,
                          "value": {
                            "coordinate": "minecraft:overworld/ridges_folded",
                            "points": [
                              {
                                "location": -1,
                                "value": -0.05,
                                "derivative": 0.5
                              },
                              {
                                "location": -0.4,
                                "value": 0.01,
                                "derivative": 0.099999994
                              },
                              {
                                "location": 0,
                                "value": 0.03,
                                "derivative": 0.099999994
                              },
                              {
                                "location": 0.4,
                                "value": 0.5,
                                "derivative": 0.94
                              },
                              {
                                "location": 1,
                                "value": 0.6,
                                "derivative": 0.070000015
                              }
                            ]
                          },
                          "derivative": 0
                        },
                        {
                          "location": 0.2,
                          "value": {
                            "coordinate": "minecraft:overworld/ridges_folded",
                            "points": [
                              {
                                "location": -1,
                                "value": -0.05,
                                "derivative": 0.5
                              },
                              {
                                "location": -0.4,
                                "value": 0.01,
                                "derivative": 0
                              },
                              {
                                "location": 0,
                                "value": 0.01,
                                "derivative": 0
                              },
                              {
                                "location": 0.4,
                                "value": 0.03,
                                "derivative": 0.04
                              },
                              {
                                "location": 1,
                                "value": 0.1,
                                "derivative": 0.049
                              }
                            ]
                          },
                          "derivative": 0
                        },
                        {
                          "location": 0.4,
                          "value": {
                            "coordinate": "minecraft:overworld/ridges_folded",
                            "points": [
                              {
                                "location": -1,
                                "value": -0.05,
                                "derivative": 0.5
                              },
                              {
                                "location": -0.4,
                                "value": 0.01,
                                "derivative": 0
                              },
                              {
                                "location": 0,
                                "value": 0.01,
                                "derivative": 0
                              },
                              {
                                "location": 0.4,
                                "value": 0.03,
                                "derivative": 0.04
                              },
                              {
                                "location": 1,
                                "value": 0.1,
                                "derivative": 0.049
                              }
                            ]
                          },
                          "derivative": 0
                        },
                        {
                          "location": 0.45,
                          "value": {
                            "coordinate": "minecraft:overworld/ridges_folded",
                            "points": [
                              {
                                "location": -1,
                                "value": -0.05,
                                "derivative": 0
                              },
                              {
                                "location": -0.4,
                                "value": {
                                  "coordinate": "minecraft:overworld/ridges_folded",
                                  "points": [
                                    {
                                      "location": -1,
                                      "value": -0.05,
                                      "derivative": 0.5
                                    },
                                    {
                                      "location": -0.4,
                                      "value": 0.01,
                                      "derivative": 0
                                    },
                                    {
                                      "location": 0,
                                      "value": 0.01,
                                      "derivative": 0
                                    },
                                    {
                                      "location": 0.4,
                                      "value": 0.03,
                                      "derivative": 0.04
                                    },
                                    {
                                      "location": 1,
                                      "value": 0.1,
                                      "derivative": 0.049
                                    }
                                  ]
                                },
                                "derivative": 0
                              },
                              {
                                "location": 0,
                                "value": 0.17,
                                "derivative": 0
                              }
                            ]
                          },
                          "derivative": 0
                        },
                        {
                          "location": 0.55,
                          "value": {
                            "coordinate": "minecraft:overworld/ridges_folded",
                            "points": [
                              {
                                "location": -1,
                                "value": -0.05,
                                "derivative": 0
                              },
                              {
                                "location": -0.4,
                                "value": {
                                  "coordinate": "minecraft:overworld/ridges_folded",
                                  "points": [
                                    {
                                      "location": -1,
                                      "value": -0.05,
                                      "derivative": 0.5
                                    },
                                    {
                                      "location": -0.4,
                                      "value": 0.01,
                                      "derivative": 0
                                    },
                                    {
                                      "location": 0,
                                      "value": 0.01,
                                      "derivative": 0
                                    },
                                    {
                                      "location": 0.4,
                                      "value": 0.03,
                                      "derivative": 0.04
                                    },
                                    {
                                      "location": 1,
                                      "value": 0.1,
                                      "derivative": 0.049
                                    }
                                  ]
                                },
                                "derivative": 0
                              },
                              {
                                "location": 0,
                                "value": 0.17,
                                "derivative": 0
                              }
                            ]
                          },
                          "derivative": 0
                        },
                        {
                          "location": 0.58,
                          "value": {
                            "coordinate": "minecraft:overworld/ridges_folded",
                            "points": [
                              {
                                "location": -1,
                                "value": -0.05,
                                "derivative": 0.5
                              },
                              {
                                "location": -0.4,
                                "value": 0.01,
                                "derivative": 0
                              },
                              {
                                "location": 0,
                                "value": 0.01,
                                "derivative": 0
                              },
                              {
                                "location": 0.4,
                                "value": 0.03,
                                "derivative": 0.04
                              },
                              {
                                "location": 1,
                                "value": 0.1,
                                "derivative": 0.049
                              }
                            ]
                          },
                          "derivative": 0
                        },
                        {
                          "location": 0.7,
                          "value": {
                            "coordinate": "minecraft:overworld/ridges_folded",
                            "points": [
                              {
                                "location": -1,
                                "value": -0.02,
                                "derivative": 0.015
                              },
                              {
                                "location": -0.4,
                                "value": 0.01,
                                "derivative": 0
                              },
                              {
                                "location": 0,
                                "value": 0.01,
                                "derivative": 0
                              },
                              {
                                "location": 0.4,
                                "value": 0.03,
                                "derivative": 0.04
                              },
                              {
                                "location": 1,
                                "value": 0.1,
                                "derivative": 0.049
                              }
                            ]
                          },
                          "derivative": 0
                        }
                      ]
                    },
                    "derivative": 0
                  }
                ]
              }
            }
          },
          "argument2": {
            "type": "cache_once",
            "argument": {
              "type": "blend_alpha"
            }
          }
        }
      }
    }
  },
  "argument2": {
    "type": "minecraft:spline",
    "spline": {
      "coordinate": "vanilla_plus:nether/ridges_folded",
      "points": [
        {
          "location": -0.9978230087116888,
          "value": -0.998192003272692,
          "derivative": 1
        },
        {
          "location": -0.995896454463316,
          "value": -1.004113853975872,
          "derivative": 0.2557894736841952
        },
        {
          "location": 1,
          "value": 3.475591985670386,
          "derivative": 5.982720078716973
        }
      ]
    }
  }
}