{
    "fallback": "minecraft:empty",
    "elements": [
        {
            "weight": 1,
            "element": {
                "element_type": "minecraft:feature_pool_element",
                "projection": "rigid",
                "feature": "vanilla_plus:nether_fortress/soul_sand_valley/blackstone_barricade"
            }
        },
        {
            "weight": 3,
            "element": {
                "element_type": "minecraft:empty_pool_element",
                "projection": "rigid"
            }
        }
    ]
}