{
    "fallback": "vanilla_plus:nether_fortress/soul_sand_valley/terminator",
    "elements": [
        {
            "weight": 1,
            "element": {
                "element_type": "minecraft:single_pool_element",
                "projection": "rigid",
                "processors": "vanilla_plus:nether_fortress/soul_sand_valley/cracking_wart_farm",
                "location": "vanilla_plus:nether_fortress/soul_sand_valley/farm/nether_wart_farm_1"
            }
        },
        {
            "weight": 1,
            "element": {
                "element_type": "minecraft:single_pool_element",
                "projection": "rigid",
                "processors": "vanilla_plus:nether_fortress/soul_sand_valley/cracking_wart_farm",
                "location": "vanilla_plus:nether_fortress/soul_sand_valley/farm/nether_wart_farm_2"
            }
        },
        {
            "weight": 1,
            "element": {
                "element_type": "minecraft:single_pool_element",
                "projection": "rigid",
                "processors": "vanilla_plus:nether_fortress/soul_sand_valley/cracking_wart_farm",
                "location": "vanilla_plus:nether_fortress/soul_sand_valley/farm/nether_wart_farm_3"
            }
        },
        {
            "weight": 1,
            "element": {
                "element_type": "minecraft:single_pool_element",
                "projection": "rigid",
                "processors": "vanilla_plus:nether_fortress/soul_sand_valley/cracking_wart_farm",
                "location": "vanilla_plus:nether_fortress/soul_sand_valley/farm/nether_wart_farm_4"
            }
        },
        {
            "weight": 1,
            "element": {
                "element_type": "minecraft:single_pool_element",
                "projection": "rigid",
                "processors": "vanilla_plus:nether_fortress/soul_sand_valley/cracking_wart_farm",
                "location": "vanilla_plus:nether_fortress/soul_sand_valley/farm/nether_wart_farm_5"
            }
        },
        {
            "weight": 1,
            "element": {
                "element_type": "minecraft:single_pool_element",
                "projection": "rigid",
                "processors": "vanilla_plus:nether_fortress/soul_sand_valley/cracking_wart_farm",
                "location": "vanilla_plus:nether_fortress/soul_sand_valley/farm/nether_wart_farm_6"
            }
        }
    ]
}