{
    
    "fallback": "vanilla_plus:nether_fortress/soul_sand_valley/terminator",
    "elements": [
        {
            "weight": 1,
            "element": {
                "element_type": "minecraft:single_pool_element",
                "projection": "rigid",
                "processors": "vanilla_plus:nether_fortress/soul_sand_valley/bone_rot",
                "location": "vanilla_plus:nether_fortress/soul_sand_valley/fossils/fossil_1"
            }
        },
        {
            "weight": 1,
            "element": {
                "element_type": "minecraft:single_pool_element",
                "projection": "rigid",
                "processors": "vanilla_plus:nether_fortress/soul_sand_valley/bone_rot",
                "location": "vanilla_plus:nether_fortress/soul_sand_valley/fossils/fossil_2"
            }
        },
        {
            "weight": 1,
            "element": {
                "element_type": "minecraft:single_pool_element",
                "projection": "rigid",
                "processors": "vanilla_plus:nether_fortress/soul_sand_valley/bone_rot",
                "location": "vanilla_plus:nether_fortress/soul_sand_valley/fossils/fossil_3"
            }
        },
        {
            "weight": 1,
            "element": {
                "element_type": "minecraft:single_pool_element",
                "projection": "rigid",
                "processors": "vanilla_plus:nether_fortress/soul_sand_valley/bone_rot",
                "location": "vanilla_plus:nether_fortress/soul_sand_valley/fossils/fossil_4"
            }
        },
        {
            "weight": 1,
            "element": {
                "element_type": "minecraft:single_pool_element",
                "projection": "rigid",
                "processors": "vanilla_plus:nether_fortress/soul_sand_valley/bone_rot",
                "location": "vanilla_plus:nether_fortress/soul_sand_valley/fossils/fossil_5"
            }
        },
        {
            "weight": 2,
            "element": {
                "element_type": "minecraft:empty_pool_element",
                "projection": "rigid"
            }
        }
    ]
}