{
    
    "fallback": "vanilla_plus:nether_fortress/soul_sand_valley/terminator",
    "elements": [
        {
            "weight": 2,
            "element": {
                "element_type": "minecraft:single_pool_element",
                "projection": "rigid",
                "processors": "vanilla_plus:nether_fortress/soul_sand_valley/cracking",
                "location": "vanilla_plus:nether_fortress/soul_sand_valley/corridors/corridor_intersection_2"
            }
        },
        {
            "weight": 1,
            "element": {
                "element_type": "minecraft:single_pool_element",
                "projection": "rigid",
                "processors": "vanilla_plus:nether_fortress/soul_sand_valley/cracking",
                "location": "vanilla_plus:nether_fortress/soul_sand_valley/corridors/corridor_intersection_2_to_farm"
            }
        },
        {
            "weight": 3,
            "element": {
                "element_type": "minecraft:single_pool_element",
                "projection": "rigid",
                "processors": "vanilla_plus:nether_fortress/soul_sand_valley/cracking",
                "location": "vanilla_plus:nether_fortress/soul_sand_valley/corridors/corridor_3_way_1"
            }
        },
        {
            "weight": 3,
            "element": {
                "element_type": "minecraft:single_pool_element",
                "projection": "rigid",
                "processors": "vanilla_plus:nether_fortress/soul_sand_valley/cracking",
                "location": "vanilla_plus:nether_fortress/soul_sand_valley/corridors/corridor_3_way_1_to_farm_1"
            }
        },
        {
            "weight": 3,
            "element": {
                "element_type": "minecraft:single_pool_element",
                "projection": "rigid",
                "processors": "vanilla_plus:nether_fortress/soul_sand_valley/cracking",
                "location": "vanilla_plus:nether_fortress/soul_sand_valley/corridors/corridor_3_way_1_to_farm_2"
            }
        }
    ]
}