{
    
    "fallback": "vanilla_plus:nether_fortress/soul_sand_valley/terminator",
    "elements": [
        {
            "weight": 1,
            "element": {
                "element_type": "minecraft:single_pool_element",
                "projection": "rigid",
                "processors": "minecraft:empty",
                "location": "vanilla_plus:nether_fortress/soul_sand_valley/jail/deco/lanern"
            }
        },
        {
            "weight": 1,
            "element": {
                "element_type": "minecraft:feature_pool_element",
                "projection": "rigid",
                "feature": "vanilla_plus:nether_fortress/soul_sand_valley/jail_decorations/blackstone_pile"
            }
        },
        {
            "weight": 1,
            "element": {
                "element_type": "minecraft:feature_pool_element",
                "projection": "rigid",
                "feature": "vanilla_plus:nether_fortress/soul_sand_valley/jail_decorations/skull"
            }
        },
        {
            "weight": 1,
            "element": {
                "element_type": "minecraft:empty_pool_element",
                "projection": "rigid"
            }
        }
    ]
}