{
    
    "fallback": "vanilla_plus:nether_fortress/soul_sand_valley/terminator",
    "elements": [
        {
            "weight": 2,
            "element": {
                "element_type": "minecraft:single_pool_element",
                "projection": "rigid",
                "processors": "minecraft:empty",
                "location": "vanilla_plus:nether_fortress/soul_sand_valley/jail/mob/zoglin"
            }
        },
        {
            "weight": 2,
            "element": {
                "element_type": "minecraft:single_pool_element",
                "projection": "rigid",
                "processors": "minecraft:empty",
                "location": "vanilla_plus:nether_fortress/soul_sand_valley/jail/mob/zombified_piglin"
            }
        },
        {
            "weight": 1,
            "element": {
                "element_type": "minecraft:empty_pool_element",
                "projection": "rigid"
            }
        }
    ]
}