{
    
    "fallback": "vanilla_plus:nether_fortress/soul_sand_valley/terminator",
    "elements": [
        {
            "weight": 1,
            "element": {
                "element_type": "minecraft:single_pool_element",
                "projection": "rigid",
                "processors": "vanilla_plus:nether_fortress/soul_sand_valley/cracking",
                "location": "vanilla_plus:nether_fortress/soul_sand_valley/starts/lava_well_room_1"
            }
        },
        {
            "weight": 1,
            "element": {
                "element_type": "minecraft:list_pool_element",
                "projection": "rigid",
                "elements": [
                    {
                        "element_type": "minecraft:single_pool_element",
                        "projection": "rigid",
                        "processors": "minecraft:empty",
                        "location": "vanilla_plus:nether_fortress/soul_sand_valley/starts/lava_well_room_2"
                    },
                    {
                        "element_type": "minecraft:single_pool_element",
                        "projection": "rigid",
                        "processors": {
                            "processors": [
                                {
                                    "processor_type": "minecraft:rule",
                                    "rules": [
                                        {
                                            "location_predicate": {
                                                "predicate_type": "minecraft:always_true"
                                            },
                                            "input_predicate": {
                                                "predicate_type": "minecraft:random_block_match",
                                                "block": "minecraft:polished_blackstone_bricks",
                                                "probability": 0.375
                                            },
                                            "output_state": {
                                                "Name": "minecraft:cracked_polished_blackstone_bricks"
                                            }
                                        }
                                    ]
                                },
                                {
                                    "processor_type": "minecraft:block_rot",
                                    "integrity": 0.95
                                }
                            ]
                        },
                        "location": "vanilla_plus:nether_fortress/soul_sand_valley/starts/lava_well_room_blackstones"
                    }
                ]
            }
        }
    ]
}