{
    
    "fallback": "vanilla_plus:nether_fortress/soul_sand_valley/terminator",
    "elements": [
        {
            "weight": 1,
            "element": {
                "element_type": "minecraft:single_pool_element",
                "projection": "rigid",
                "processors": "vanilla_plus:nether_fortress/soul_sand_valley/cracking_bridge",
                "location": "vanilla_plus:nether_fortress/soul_sand_valley/terminators/terminator_1"
            }
        },
        {
            "weight": 1,
            "element": {
                "element_type": "minecraft:single_pool_element",
                "projection": "rigid",
                "processors": "vanilla_plus:nether_fortress/soul_sand_valley/cracking_bridge",
                "location": "vanilla_plus:nether_fortress/soul_sand_valley/terminators/terminator_2"
            }
        },
        {
            "weight": 1,
            "element": {
                "element_type": "minecraft:single_pool_element",
                "projection": "rigid",
                "processors": "vanilla_plus:nether_fortress/soul_sand_valley/cracking_bridge",
                "location": "vanilla_plus:nether_fortress/soul_sand_valley/terminators/terminator_3"
            }
        },
        {
            "weight": 1,
            "element": {
                "element_type": "minecraft:single_pool_element",
                "projection": "rigid",
                "processors": "vanilla_plus:nether_fortress/soul_sand_valley/cracking_bridge",
                "location": "vanilla_plus:nether_fortress/soul_sand_valley/terminators/terminator_4"
            }
        }
    ]
}