{
    "type": "minecraft:the_nether",
    "generator": {
        "type": "minecraft:noise",
        "settings": "minecraft:nether",
        "biome_source": {
            "type": "minecraft:multi_noise",
            "biomes": [
                {
                    "biome": "minecraft:nether_wastes",
                    "parameters": {
                        "temperature": [
                            -1,
                            1
                        ],
                        "humidity": [
                            -1,
                            0.5
                        ],
                        "continentalness": [
                            -0.9,
                            -0.25
                        ],
                        "erosion": [
                            -1,
                            1
                        ],
                        "weirdness": [
                            -1,
                            -0.1
                        ],
                        "depth": [
                            -1,
                            1
                        ],
                        "offset": 0
                    }
                },
                {
                    "biome": "minecraft:nether_wastes",
                    "parameters": {
                        "temperature": [
                            -1,
                            1
                        ],
                        "humidity": [
                            -1,
                            0.0
                        ],
                        "continentalness": [
                            -0.9,
                            -0.25
                        ],
                        "erosion": [
                            -1,
                            1
                        ],
                        "weirdness": [
                            0.1,
                            1
                        ],
                        "depth": [
                            -1,
                            1
                        ],
                        "offset": 0
                    }
                },
                {
                    "biome": "vanilla_plus:moldy_nether_wastes",
                    "parameters": {
                        "temperature": [
                            -1,
                            1
                        ],
                        "humidity": [
                            0.0,
                            1.0
                        ],
                        "continentalness": [
                            -0.9,
                            -0.25
                        ],
                        "erosion": [
                            -1,
                            1
                        ],
                        "weirdness": [
                            -1,
                            -0.1
                        ],
                        "depth": [
                            -1,
                            1
                        ],
                        "offset": 0
                    }
                },
                {
                    "biome": "minecraft:warped_forest",
                    "parameters": {
                        "temperature": [
                            0.0,
                            1.0
                        ],
                        "humidity": [
                            0.5,
                            1.0
                        ],
                        "continentalness": [
                            -0.11,
                            1.0
                        ],
                        "erosion": [
                            -1,
                            1
                        ],
                        "weirdness": [
                            -0.4,
                            -0.267
                        ],
                        "depth": [
                            -1,
                            1
                        ],
                        "offset": 0
                    }
                },
                {
                    "biome": "vanilla_plus:warped_plains",
                    "parameters": {
                        "temperature": [
                            0.0,
                            0.4
                        ],
                        "humidity": [
                            0.5,
                            1.0
                        ],
                        "continentalness": [
                            -0.11,
                            1.0
                        ],
                        "erosion":[
                            -1,
                            1
                        ],
                        "weirdness": [
                            -0.267,
                            -0.1
                        ],
                        "depth": [
                            -1,
                            1
                        ],
                        "offset": 0
                    }
                },
                {
                    "biome": "vanilla_plus:warped_plains",
                    "parameters": {
                        "temperature": [
                            -0.4,
                            0.4
                        ],
                        "humidity": [
                            0.5,
                            1.0
                        ],
                        "continentalness": [
                            -0.11,
                            1.0
                        ],
                        "erosion": [
                            -1,
                            1
                        ],
                        "weirdness": [
                            0.1,
                            0.267
                        ],
                        "depth": [
                            -1,
                            1
                        ],
                        "offset": 0
                    }
                },
                {
                    "biome": "minecraft:warped_forest",
                    "parameters": {
                        "temperature": [
                            -0.4,
                            0.4
                        ],
                        "humidity": [
                            0.5,
                            1.0
                        ],
                        "continentalness": [
                            -0.11,
                            1.0
                        ],
                        "erosion": [
                            -1,
                            1
                        ],
                        "weirdness": [
                            0.267,
                            0.4
                        ],
                        "depth": [
                            -1,
                            1
                        ],
                        "offset": 0
                    }
                },
                {
                    "biome": "vanilla_plus:nether_gold_mine",
                    "parameters": {
                        "temperature": 0,
                        "humidity": [
                            0,
                            0.75
                        ],
                        "continentalness": [
                            -0.11,
                            1.0
                        ],
                        "erosion": [
                            -1,
                            -0.565
                        ],
                        "weirdness": [
                            -0.767,
                            -0.567
                        ],
                        "depth": [
                            0.0390625,
                            0.125
                        ],
                        "offset": 0.0
                    }
                },
                {
                    "biome": "vanilla_plus:nether_gold_mine",
                    "parameters": {
                        "temperature": 0,
                        "humidity": [
                            0,
                            0.75
                        ],
                        "continentalness": [
                            -0.11,
                            1.0
                        ],
                        "erosion": [
                            -1,
                            -0.565
                        ],
                        "weirdness": [
                            0.567,
                            0.767
                        ],
                        "depth": [
                            0.0390625,
                            0.125
                        ],
                        "offset": 0.0
                    }
                },
                {
                    "biome": "minecraft:soul_sand_valley",
                    "parameters": {
                        "temperature": [
                            -0.5,
                            0.4
                        ],
                        "humidity": [
                            -0.5,
                            0.5
                        ],
                        "continentalness": [
                            -0.3,
                            1
                        ],
                        "erosion": [
                            -1,
                            0.1
                        ],
                        "weirdness": [
                            -0.1,
                            0.1
                        ],
                        "depth": [
                            -1,
                            1
                        ],
                        "offset": 0
                    }
                },
                {
                    "biome": "minecraft:crimson_forest",
                    "parameters": {
                        "temperature": [
                            0.0,
                            0.6
                        ],
                        "humidity": [
                            -0.1,
                            0.2
                        ],
                        "continentalness": [
                            -0.11,
                            1.0
                        ],
                        "erosion": [
                            -1.0,
                            1
                        ],
                        "weirdness": [
                            -0.4,
                            -0.1
                        ],
                        "depth": [
                            -1.0,
                            1.0
                        ],
                        "offset": 0.0
                    }
                },
                {
                    "biome": "minecraft:crimson_forest",
                    "parameters": {
                        "temperature": [
                            0.0,
                            0.6
                        ],
                        "humidity": [
                            -0.1,
                            0.2
                        ],
                        "continentalness": [
                            -0.11,
                            1.0
                        ],
                        "erosion": [
                            -1.0,
                            1
                        ],
                        "weirdness": [
                            0.1,
                            0.4
                        ],
                        "depth": [
                            -1.0,
                            1.0
                        ],
                        "offset": 0.0
                    }
                },
                {
                    "biome": "vanilla_plus:crimson_plains",
                    "parameters": {
                        "temperature": [
                            0.0,
                            0.6
                        ],
                        "humidity": [
                            -0.1,
                            0.2
                        ],
                        "continentalness": [
                            -0.11,
                            1.0
                        ],
                        "erosion": [
                            -1.0,
                            1
                        ],
                        "weirdness": [
                            -0.933,
                            -0.4
                        ],
                        "depth": [
                            -1.0,
                            1.0
                        ],
                        "offset": 0.0
                    }
                },
                {
                    "biome": "vanilla_plus:crimson_plains",
                    "parameters": {
                        "temperature": [
                            0.0,
                            1.0
                        ],
                        "humidity": [
                            -0.1,
                            0.2
                        ],
                        "continentalness": [
                            -0.11,
                            1.0
                        ],
                        "erosion": [
                            -1.0,
                            1
                        ],
                        "weirdness": [
                            0.4,
                            0.933
                        ],
                        "depth": [
                            -1.0,
                            1.0
                        ],
                        "offset": 0.0
                    }
                },
                {
                    "biome": "vanilla_plus:diamond_forest",
                    "parameters": {
                        "erosion": [
                            -1,
                            1
                        ],
                        "depth": [
                            -1.0,
                            1.0
                        ],
                        "weirdness": [
                           -1,
                            1
                        ],
                        "offset": 0,
                        "temperature": [
                            -1,
                            1
                        ],
                        "humidity": -0.8,
                        "continentalness": [
                            -1,
                            1
                        ]
                    }
                },
                {
                    "biome": "vanilla_plus:diamond_forest",
                    "parameters": {
                        "erosion": 0,
                        "depth": [
                            -1.0,
                            1.0
                        ],
                        "weirdness": [
                            -1,
                            1
                        ],
                        "offset": 0,
                        "temperature": 0,
                        "humidity": -0.8,
                        "continentalness": [
                            0.3,
                            1.0
                        ]
                    }
                },
                {
                    "biome": "vanilla_plus:mixed_fungi_forest",
                    "parameters": {
                        "continentalness": [
                            -0.11,
                            1.0
                        ],
                        "temperature": [
                            0,
                            1.0
                        ],
                        "humidity": [
                            0.2,
                            0.5
                        ],
                        "weirdness": [
                            -0.933,
                            -0.1
                        ],
                        "offset": 0,
                        "erosion": [
                            -1.0,
                            1
                        ],
                        "depth": [
                            -1.0,
                            1.0
                        ]
                    }
                },
                {
                    "biome": "vanilla_plus:mixed_fungi_forest",
                    "parameters": {
                        "continentalness": [
                            -0.11,
                            1.0
                        ],
                        "temperature": [
                            0,
                            1.0
                        ],
                        "humidity": [
                            0.2,
                            0.5
                        ],
                        "weirdness": [
                            0.1,
                            0.933
                        ],
                        "offset": 0,
                        "erosion": [
                            -1.0,
                            1
                        ],
                        "depth": [
                            -1.0,
                            1.0
                        ]
                    }
                },
                {
                    "biome": "minecraft:basalt_deltas",
                    "parameters": {
                        "temperature": [
                            -0.75,
                            0.3
                        ],
                        "humidity": [
                            -0.9,
                            0.0
                        ],
                        "continentalness": [
                            -0.25,
                            0.03
                        ],
                        "erosion": [
                            -1,
                            1
                        ],
                        "weirdness": [
                            -1,
                            1
                        ],
                        "depth": [
                            -1,
                            1
                        ],
                        "offset": 0.0
                    }
                },
                {
                    "biome": "vanilla_plus:scorched_joints",
                    "parameters": {
                        "continentalness": [
                            -0.19,
                            0.03
                        ],
                        "temperature": [
                            -1.0,
                            -0.75
                        ],
                        "humidity": [
                            -0.9,
                            1.0
                        ],
                        "weirdness": [
                            -1,
                            1
                        ],
                        "offset": 0,
                        "erosion": [
                            -1,
                            1
                        ],
                        "depth": [
                            -1,
                            0.15625
                        ]
                    }
                },
                {
                    "biome": "vanilla_plus:black_forest",
                    "parameters": {
                        "temperature": [
                            -0.5,
                            0.0
                        ],
                        "humidity": [
                            -0.9,
                            0.0
                        ],
                        "continentalness": [
                            -0.8,
                            1.0
                        ],
                        "erosion": [
                            -1,
                            1
                        ],
                        "weirdness": [
                            -1.0,
                            -0.1
                        ],
                        "depth": [
                            -1.0,
                            0.45
                        ],
                        "offset": 0
                    }
                },
                {
                    "biome": "vanilla_plus:black_forest",
                    "parameters": {
                        "temperature": [
                            -0.5,
                            0.4
                        ],
                        "humidity": [
                            -0.9,
                            -0.1
                        ],
                        "continentalness": [
                            -0.8,
                            1.0
                        ],
                        "erosion": [
                            -1,
                            1
                        ],
                        "weirdness": [
                            0.1,
                            1
                        ],
                        "depth": [
                            -1.0,
                            0.45
                        ],
                        "offset": 0
                    }
                },
                {
                    "biome": "vanilla_plus:blackstone_wastes",
                    "parameters": {
                        "temperature": [
                            -0.5,
                            0.0
                        ],
                        "humidity": [
                            -0.9,
                            0.0
                        ],
                        "continentalness": [
                            -0.8,
                            1.0
                        ],
                        "erosion": [
                            -1,
                            1
                        ],
                        "weirdness": [
                            -0.4,
                            -0.1
                        ],
                        "depth": [
                            0.45,
                            1.0
                        ],
                        "offset": 0
                    }
                },
                {
                    "biome": "vanilla_plus:blackstone_wastes",
                    "parameters": {
                        "temperature": [
                            -0.5,
                            0.4
                        ],
                        "humidity": [
                            -0.9,
                            -0.1
                        ],
                        "continentalness": [
                            -0.8,
                            1.0
                        ],
                        "erosion": [
                            -1,
                            1
                        ],
                        "weirdness": [
                            0.1,
                            0.4
                        ],
                        "depth": [
                            0.45,
                            1.0
                        ],
                        "offset": 0
                    }
                },
                {
                    "biome": "vanilla_plus:nether_frost",
                    "parameters": {
                        "continentalness": [
                            -1.2,
                            -0.9
                        ],
                        "temperature": [
                            -1,
                            -0.5
                        ],
                        "humidity": [
                            -0.9,
                            1
                        ],
                        "weirdness": [
                            -1,
                            1
                        ],
                        "offset": 0,
                        "depth": [
                            -1,
                            1
                        ],
                        "erosion": [
                            -1,
                            1
                        ]
                    }
                },
                {
                    "biome": "vanilla_plus:nether_frost",
                    "parameters": {
                        "continentalness": [
                            -1.2,
                            -0.9
                        ],
                        "temperature": [
                            -1,
                            -0.5
                        ],
                        "humidity": [
                            -0.9,
                            1
                        ],
                        "weirdness": [
                            -1,
                            1
                        ],
                        "offset": 0,
                        "depth": [
                            -1,
                            1
                        ],
                        "erosion": [
                            -1,
                            1
                        ]
                    }
                },
                {
                    "biome": "vanilla_plus:white_sands",
                    "parameters": {
                        "continentalness": [
                            0.03,
                            1.0
                        ],
                        "depth": [
                            -1,
                            1
                        ],
                        "erosion": [
                            -1,
                            1
                        ],
                        "humidity": [
                            -1.0,
                            -0.5
                        ],
                        "temperature": [
                            0.0,
                            1
                        ],
                        "weirdness": [
                            -1,
                            -0.1
                        ],
                        "offset": 0.0
                    }
                },
                {
                    "biome": "vanilla_plus:white_sands",
                    "parameters": {
                        "continentalness": [
                            0.03,
                            1.0
                        ],
                        "depth": [
                            -1,
                            1
                        ],
                        "erosion": [
                            -1,
                            1
                        ],
                        "humidity": [
                            -1.0,
                            -0.5
                        ],
                        "temperature": [
                            0.0,
                            1
                        ],
                        "weirdness": [
                            0.1,
                            1
                        ],
                        "offset": 0.0
                    }
                },
                {
                    "biome": "vanilla_plus:withering_wastes",
                    "parameters": {
                        "temperature": [
                            0,
                            0.5
                        ],
                        "humidity": [
                            -0.9,
                            0.5
                        ],
                        "continentalness": [
                            0.48,
                            0.65
                        ],
                        "erosion": [
                            -1,
                            -0.85
                        ],
                        "weirdness": [
                            -0.4,
                            -0.267
                        ],
                        "depth": [
                            0.1,
                            0.375
                        ],
                        "offset": 0.053
                    }
                },
                {
                    "biome": "vanilla_plus:withering_wastes",
                    "parameters": {
                        "temperature": [
                            0,
                            0.5
                        ],
                        "humidity": [
                            -0.9,
                            0.5
                        ],
                        "continentalness": [
                            0.48,
                            0.65
                        ],
                        "erosion": [
                            -1,
                            -0.85
                        ],
                        "weirdness": [
                            0.267,
                            0.4
                        ],
                        "depth": [
                            0.1,
                            0.375
                        ],
                        "offset": 0.053
                    }
                },
                {
                    "biome": "vanilla_plus:withering_wastes",
                    "parameters": {
                        "temperature": [
                            0,
                            0.5
                        ],
                        "humidity": [
                            -0.9,
                            0.5
                        ],
                        "continentalness": [
                            0.48,
                            0.65
                        ],
                        "erosion": [
                            -0.7,
                            1
                        ],
                        "weirdness": [
                            -0.4,
                            -0.267
                        ],
                        "depth": [
                            0.1,
                            0.375
                        ],
                        "offset": 0.053
                    }
                },
                {
                    "biome": "vanilla_plus:withering_wastes",
                    "parameters": {
                        "temperature": [
                            0,
                            0.5
                        ],
                        "humidity": [
                            -0.9,
                            0.5
                        ],
                        "continentalness": [
                            0.48,
                            0.65
                        ],
                        "erosion": [
                            -0.7,
                            1
                        ],
                        "weirdness": [
                            0.267,
                            0.4
                        ],
                        "depth": [
                            0.1,
                            0.375
                        ],
                        "offset": 0.053
                    }
                }
            ]
        }
    }
}