{
    "type": "minecraft:the_nether",
    "generator": {
        "type": "minecraft:noise",
        "settings": "minecraft:nether",
        "biome_source": {
            "type": "minecraft:multi_noise",
            "biomes": [
                // Mushroom
                {
                    "biome": "vanilla_plus:white_sands",
                    "parameters": {
                        "continentalness": [
                            -1.2,
                            -1.05
                        ],
                        "erosion": [
                            -1.0,
                            1.0
                        ],
                        "temperature": [
                            -1.0,
                            1.0
                        ],
                        "humidity": [
                            -1.0,
                            1.0
                        ],
                        "weirdness": [
                            -1.0,
                            1.0
                        ],
                        "depth": [
                            -1.0,
                            1.0
                        ],
                        "offset": 0
                    }
                },
                // Ocean
                {
                    "biome": "minecraft:nether_wastes",
                    "parameters": {
                        "continentalness": [
                            -1.05,
                            -0.19
                        ],
                        "erosion": [
                            -1.0,
                            1.0
                        ],
                        "temperature": [
                            -1.0,
                            1.0
                        ],
                        "humidity": [
                            -1.0,
                            0.0
                        ],
                        "weirdness": [
                            -1.0,
                            1.0
                        ],
                        "depth": [
                            -1.0,
                            1.0
                        ],
                        "offset": 0
                    }
                },
                {
                    "biome": "vanilla_plus:moldy_nether_wastes",
                    "parameters": {
                        "continentalness": [
                            -1.05,
                            -0.19
                        ],
                        "erosion": [
                            -1.0,
                            1.0
                        ],
                        "temperature": [
                            -1.0,
                            1.0
                        ],
                        "humidity": [
                            0.0,
                            1.0
                        ],
                        "weirdness": [
                            -1.0,
                            1.0
                        ],
                        "depth": [
                            -1.0,
                            1.0
                        ],
                        "offset": 0
                    }
                },
                // Coast
                {
                    "biome": "minecraft:basalt_deltas",
                    "parameters": {
                        "continentalness": [
                            -0.19,
                            0.03
                        ],
                        "erosion": [
                            -1.0,
                            1.0
                        ],
                        "temperature": [
                            -0.45,
                            0.55
                        ],
                        "humidity": [
                            -1.0,
                            1.0
                        ],
                        "weirdness": [
                            -1.0,
                            1.0
                        ],
                        "depth": [
                            -1.0,
                            1.0
                        ],
                        "offset": 0
                    }
                },
                {
                    "biome": "vanilla_plus:scorched_joints",
                    "parameters": {
                        "continentalness": [
                            -0.19,
                            0.03
                        ],
                        "erosion": [
                            -1.0,
                            1.0
                        ],
                        "temperature": [
                            0.55,
                            1.0
                        ],
                        "humidity": [
                            -1.0,
                            1.0
                        ],
                        "weirdness": [
                            -1.0,
                            1.0
                        ],
                        "depth": [
                            -1.0,
                            1.0
                        ],
                        "offset": 0
                    }
                },
                // Valley
                {
                    "biome": "minecraft:soul_sand_valley",
                    "parameters": {
                        "continentalness": [
                            0.03,
                            1.0
                        ],
                        "erosion": [
                            -1.0,
                            1.0
                        ],
                        "temperature": [
                            -1.0,
                            1.0
                        ],
                        "humidity": [
                            -1.0,
                            0.3
                        ],
                        "weirdness": [
                            -0.183,
                            0.183
                        ],
                        "depth": [
                            -1.0,
                            1.0
                        ],
                        "offset": 0
                    }
                },
                // Near inland,Valley,Low
                {
                    "biome": "vanilla_plus:mixed_fungi_forest",
                    "parameters": {
                        "continentalness": [
                            0.03,
                            1.0
                        ],
                        "erosion": [
                            -1.0,
                            1.0
                        ],
                        "temperature": [
                            -1.0,
                            1.0
                        ],
                        "humidity": [
                            0.3,
                            1.0
                        ],
                        "weirdness": [
                            -0.267,
                            0.267
                        ],
                        "depth": [
                            -1.0,
                            1.0
                        ],
                        "offset": 0
                    }
                },
                {
                    "biome": "vanilla_plus:black_forest",
                    "parameters": {
                        "continentalness": [
                            0.03,
                            1.0
                        ],
                        "erosion": [
                            -1.0,
                            1.0
                        ],
                        "temperature": [
                            -1.0,
                            1.0
                        ],
                        "humidity": [
                            -1.0,
                            -0.1
                        ],
                        "weirdness": [
                            -1.0,
                            1.0
                        ],
                        "depth": [
                            -1.0,
                            0.3
                        ],
                        "offset": 0
                    }
                },
                {
                    "biome": "vanilla_plus:blackstone_wastes",
                    "parameters": {
                        "continentalness": [
                            0.03,
                            1.0
                        ],
                        "erosion": [
                            -1.0,
                            1.0
                        ],
                        "temperature": [
                            -1.0,
                            1.0
                        ],
                        "humidity": [
                            -1.0,
                            0.1
                        ],
                        "weirdness": [
                            -1.0,
                            1.0
                        ],
                        "depth": [
                            0.3,
                            1.0
                        ],
                        "offset": 0
                    }
                },
                {
                    "biome": "vanilla_plus:diamond_forest",
                    "parameters": {
                        "continentalness": [
                            0.03,
                            1.0
                        ],
                        "erosion": [
                            -1.0,
                            1.0
                        ],
                        "temperature": [
                            -1.0,
                            -0.45
                        ],
                        "humidity": [
                            -1.0,
                            -0.35
                        ],
                        "weirdness": [
                            -1.0,
                            1.0
                        ],
                        "depth": [
                            -1.0,
                            1.0
                        ],
                        "offset": 0
                    }
                },
                {
                    "biome": "vanilla_plus:crimson_plains",
                    "parameters": {
                        "continentalness": [
                            0.03,
                            1.0
                        ],
                        "erosion": [
                            -1.0,
                            1.0
                        ],
                        "temperature": [
                            -1.0,
                            1.0
                        ],
                        "humidity": [
                            -0.1,
                            0.3
                        ],
                        "weirdness": [
                            -1.0,
                            -0.267
                        ],
                        "depth": [
                            -1.0,
                            1.0
                        ],
                        "offset": 0
                    }
                },
                {
                    "biome": "minecraft:crimson_forest",
                    "parameters": {
                        "continentalness": [
                            0.03,
                            1.0
                        ],
                        "erosion": [
                            -1.0,
                            1.0
                        ],
                        "temperature": [
                            -1.0,
                            1.0
                        ],
                        "humidity": [
                            0.3,
                            1.0
                        ],
                        "weirdness": [
                            -1.0,
                            -0.267
                        ],
                        "depth": [
                            -1.0,
                            1.0
                        ],
                        "offset": 0
                    }
                },
                {
                    "biome": "minecraft:warped_forest",
                    "parameters": {
                        "continentalness": [
                            0.03,
                            1.0
                        ],
                        "erosion": [
                            -1.0,
                            1.0
                        ],
                        "temperature": [
                            -1.0,
                            1.0
                        ],
                        "humidity": [
                            0.1,
                            1.0
                        ],
                        "weirdness": [
                            0.267,
                            1.0
                        ],
                        "depth": [
                            -1.0,
                            1.0
                        ],
                        "offset": 0
                    }
                },
                {
                    "biome": "vanilla_plus:nether_frost",
                    "parameters": {
                        "continentalness": [
                            -1.0,
                            1.0
                        ],
                        "erosion": [
                            -1.0,
                            1.0
                        ],
                        "temperature": [
                            -1.0,
                            -0.7
                        ],
                        "humidity": [
                            -1.0,
                            1.0
                        ],
                        "weirdness": [
                            -1.0,
                            1.0
                        ],
                        "depth": [
                            -1.0,
                            1.0
                        ],
                        "offset": 0
                    }
                },
                // High,Peaks
                {
                    "biome": "vanilla_plus:nether_gold_mine",
                    "parameters": {
                        "continentalness": [
                            0.3,
                            1.0
                        ],
                        "erosion": [
                            -1.0,
                            -0.375
                        ],
                        "temperature": [
                            -1.0,
                            1.0
                        ],
                        "humidity": [
                            -1.0,
                            1.0
                        ],
                        "weirdness": [
                            -0.933,
                            -0.4
                        ],
                        "depth": [
                            -1.0,
                            1.0
                        ],
                        "offset": 0
                    }
                },
                {
                    "biome": "vanilla_plus:nether_gold_mine",
                    "parameters": {
                        "continentalness": [
                            0.3,
                            1.0
                        ],
                        "erosion": [
                            -1.0,
                            -0.375
                        ],
                        "temperature": [
                            -1.0,
                            1.0
                        ],
                        "humidity": [
                            -1.0,
                            1.0
                        ],
                        "weirdness": [
                            0.4,
                            0.933
                        ],
                        "depth": [
                            -1.0,
                            1.0
                        ],
                        "offset": 0
                    }
                }
            ]
        }
    }
}