{
    "sea_level": 63,
    "disable_mob_generation": false,
    "aquifers_enabled": false,
    "ore_veins_enabled": false,
    "legacy_random_source": false,
    "default_block": {
        "Name": "minecraft:stone"
    },
    "default_fluid": {
        "Name": "minecraft:water",
        "Properties": {
            "level": "0"
        }
    },
    "noise": {
        "min_y": -64,
        "height": 1024,
        "size_horizontal": 1,
        "size_vertical": 2
    },
    "noise_router": {
        "barrier": 0,
        "fluid_level_floodedness": 0,
        "fluid_level_spread": 0,
        "lava": 0,
        "temperature": 0,
        "vegetation": 0,
        "continents": 0,
        "erosion": 0,
        "depth": 0,
        "ridges": 0,
        "initial_density_without_jaggedness": 0,
        "final_density": {
            "type": "minecraft:range_choice",
            "input": "minecraft:y",
            "min_inclusive": -64,
            "max_exclusive": 65,
            "when_in_range": 1,
            "when_out_of_range": 0
        },
        "vein_toggle": 0,
        "vein_ridged": 0,
        "vein_gap": 0
    },
    "spawn_target": [],
    "surface_rule": {
        "type": "minecraft:sequence",
        "sequence": [
            {
                "type": "minecraft:condition",
                "if_true": {
                    "type": "minecraft:y_above",
                    "anchor": {
                        "absolute": 61
                    },
                    "surface_depth_multiplier": 0,
                    "add_stone_depth": false
                },
                "then_run": {
                    "type": "minecraft:block",
                    "result_state": {
                        "Name": "minecraft:smooth_stone"
                    }
                }
            },
            {
                "type": "minecraft:condition",
                "if_true": {
                    "type": "minecraft:vertical_gradient",
                    "random_name": "bedrock_gradient",
                    "true_at_and_below": {
                        "above_bottom": 0
                    },
                    "false_at_and_above": {
                        "above_bottom": 0
                    }
                },
                "then_run": {
                    "type": "minecraft:block",
                    "result_state": {
                        "Name": "minecraft:bedrock"
                    }
                }
            },
            {
                "type": "minecraft:condition",
                "if_true": {
                    "type": "minecraft:vertical_gradient",
                    "random_name": "deepslate_gradient",
                    "true_at_and_below": {
                        "absolute": 0
                    },
                    "false_at_and_above": {
                        "absolute": 8
                    }
                },
                "then_run": {
                    "type": "minecraft:block",
                    "result_state": {
                        "Name": "minecraft:deepslate",
                        "Properties": {
                            "axis": "y"
                        }
                    }
                }
            },
            {
                "type": "minecraft:block",
                "result_state": {
                    "Name": "minecraft:stone"
                }
            }
        ]
    }
}