{
  "feature": {
    "type": "minecraft:random_selector",
    "config": {
      "features": [
        {
          "chance": 0.5,
          "feature": {
            "feature": "vanilla_plus:glowstone_roots",
            "placement": []
          }
        }
      ],
      "default": {
        "feature": "minecraft:glowstone_extra",
        "placement": []
      }
    }
  },
  "placement": [
    {
      "type": "minecraft:count",
      "count": {
        "type": "minecraft:biased_to_bottom",
        "max_inclusive": 9,
        "min_inclusive": 0
      }
    },
    {
      "type": "minecraft:in_square"
    },
    {
      "type": "minecraft:height_range",
      "height": {
        "type": "minecraft:uniform",
        "max_inclusive": {
          "below_top": 4
        },
        "min_inclusive": {
          "above_bottom": 4
        }
      }
    },
    {
      "type": "minecraft:biome"
    }
  ]
}