{
    "condition": "minecraft:all_of",
    "terms": [
        {
            "condition": "minecraft:any_of",
            "terms": [
                {
                    "condition": "minecraft:location_check",
                    "predicate": {
                        "block": {
                            "blocks": [
                                "minecraft:fire",
                                "minecraft:soul_fire",
                                "minecraft:lava"
                            ]
                        }
                    }
                },
                {
                    "condition": "minecraft:location_check",
                    "offsetY": -1,
                    "predicate": {
                        "block": {
                            "blocks": [
                                "minecraft:magma_block"
                            ]
                        }
                    }
                },
                {
                    "condition": "minecraft:entity_properties",
                    "entity": "this",
                    "predicate": {
                        "flags": {
                            "is_on_fire": true
                        }
                    }
                }
            ]
        },
        {
            "condition": "minecraft:inverted",
            "term": {
                "condition": "minecraft:all_of",
                "terms": [
                    {
                        "condition": "minecraft:reference",
                        "name": "vanilla_plus:blaze_not_damaged"
                    }
                ]
            }
        }
    ]
}