{
    "condition": "minecraft:all_of",
    "terms": [
        {
            "condition": "minecraft:entity_properties",
            "entity": "this",
            "predicate": {
                "targeted_entity": {
                    "distance": {
                        "absolute": {
                            "min": 6,
                            "max": 16
                        }
                    }
                }
            }
        },
        {
            "condition": "minecraft:entity_properties",
            "entity": "this",
            "predicate": {
                "flags": {
                    "is_baby": false
                }
            }
        }
    ]
}