{
    "pools": [
        {
            "bonus_rolls": 1,
            "rolls": 1,
            "entries": [
                {
                    "type": "minecraft:item",
                    "name": "minecraft:diamond_boots",
                    "conditions": [
                        {
                            "condition": "minecraft:random_chance",
                            "chance": 0.3
                        }
                    ]
                }
            ],
            "functions": [
                {
                    "function": "minecraft:enchant_with_levels",
                    "levels": {
                        "type": "minecraft:uniform",
                        "min": 10,
                        "max": 30
                    },
                    "treasure": true
                }
            ]
        },
        {
            "bonus_rolls": 1,
            "rolls": 1,
            "entries": [
                {
                    "type": "minecraft:item",
                    "name": "minecraft:diamond_chestplate",
                    "conditions": [
                        {
                            "condition": "minecraft:random_chance",
                            "chance": 0.3
                        }
                    ]
                }
            ],
            "functions": [
                {
                    "function": "minecraft:enchant_with_levels",
                    "levels": {
                        "type": "minecraft:uniform",
                        "min": 10,
                        "max": 30
                    },
                    "treasure": true
                }
            ]
        },
        {
            "bonus_rolls": 1,
            "rolls": 1,
            "entries": [
                {
                    "type": "minecraft:item",
                    "name": "minecraft:diamond_helmet",
                    "conditions": [
                        {
                            "condition": "minecraft:random_chance",
                            "chance": 0.3
                        }
                    ]
                }
            ],
            "functions": [
                {
                    "function": "minecraft:enchant_with_levels",
                    "levels": {
                        "type": "minecraft:uniform",
                        "min": 10,
                        "max": 30
                    },
                    "treasure": true
                }
            ]
        },
        {
            "bonus_rolls": 1,
            "rolls": 1,
            "entries": [
                {
                    "type": "minecraft:item",
                    "name": "minecraft:diamond_leggings",
                    "conditions": [
                        {
                            "condition": "minecraft:random_chance",
                            "chance": 0.3
                        }
                    ]
                }
            ],
            "functions": [
                {
                    "function": "minecraft:enchant_with_levels",
                    "levels": {
                        "type": "minecraft:uniform",
                        "min": 10,
                        "max": 30
                    },
                    "treasure": true
                }
            ]
        }
    ]
}