{
    "pools": [
      {
        "rolls": 1,
        "entries": [
          {
            "type": "minecraft:item",
            "name": "minecraft:bow",
            "functions": [
              {
                "function": "minecraft:set_components",
                "components": {
                  "minecraft:custom_model_data": 20210224,
                  "minecraft:custom_name": "{\"text\":\"ウィザースネーク\",\"color\":\"dark_gray\",\"bold\":true,\"italic\":false}"
                }
              },
              {
                "function": "minecraft:enchant_with_levels",
                "levels": {
                  "type": "minecraft:uniform",
                  "min": 20,
                  "max": 30
                },
                "treasure": true,
                "conditions": [
                  {
                    "condition": "minecraft:random_chance",
                    "chance": 0.3
                  }
                ]
              }
            ]
          }
        ]
      }
    ]
  }  