{
    "criteria": {
        "placed_beacon": {
            "trigger": "minecraft:placed_block",
            "conditions": {
                "location": [
                    {
                        "condition": "minecraft:block_state_property",
                        "block": "minecraft:beacon"
                    },
                    {
                        "condition": "minecraft:entity_properties",
                        "entity": "this",
                        "predicate": {
                            "nbt": "{display:{Name:'{\"text\":\"Fatigue Beacon\",\"color\":\"dark_gray\",\"bold\":true,\"italic\":false}'}}"
                        }
                    }
                ]
            }
        }
    },
    "rewards": {
        "function": "vanilla_plus:pillager_outpost/snowy/placed_fatigue_beacon"
    }
}