{
  "parent": "minecraft:nether/ride_strider",
  "criteria": {
    "minecraft:basalt_deltas": {
      "conditions": {
        "player": [
          {
            "condition": "minecraft:entity_properties",
            "entity": "this",
            "predicate": {
              "location": {
                "biome": "minecraft:basalt_deltas"
              }
            }
          }
        ]
      },
      "trigger": "minecraft:location"
    },
    "minecraft:crimson_forest": {
      "conditions": {
        "player": [
          {
            "condition": "minecraft:entity_properties",
            "entity": "this",
            "predicate": {
              "location": {
                "biome": "minecraft:crimson_forest"
              }
            }
          }
        ]
      },
      "trigger": "minecraft:location"
    },
    "minecraft:nether_wastes": {
      "conditions": {
        "player": [
          {
            "condition": "minecraft:entity_properties",
            "entity": "this",
            "predicate": {
              "location": {
                "biome": "minecraft:nether_wastes"
              }
            }
          }
        ]
      },
      "trigger": "minecraft:location"
    },
    "minecraft:soul_sand_valley": {
      "conditions": {
        "player": [
          {
            "condition": "minecraft:entity_properties",
            "entity": "this",
            "predicate": {
              "location": {
                "biome": "minecraft:soul_sand_valley"
              }
            }
          }
        ]
      },
      "trigger": "minecraft:location"
    },
    "minecraft:warped_forest": {
      "conditions": {
        "player": [
          {
            "condition": "minecraft:entity_properties",
            "entity": "this",
            "predicate": {
              "location": {
                "biome": "minecraft:warped_forest"
              }
            }
          }
        ]
      },
      "trigger": "minecraft:location"
    },
    "vanilla_plus:black_forest": {
      "conditions": {
        "player": [
          {
            "condition": "minecraft:entity_properties",
            "entity": "this",
            "predicate": {
              "location": {
                "biome": "vanilla_plus:black_forest"
              }
            }
          }
        ]
      },
      "trigger": "minecraft:location"
    },
    "vanilla_plus:blackstone_wastes": {
      "conditions": {
        "player": [
          {
            "condition": "minecraft:entity_properties",
            "entity": "this",
            "predicate": {
              "location": {
                "biome": "vanilla_plus:blackstone_wastes"
              }
            }
          }
        ]
      },
      "trigger": "minecraft:location"
    },
    "vanilla_plus:crimson_plains": {
      "conditions": {
        "player": [
          {
            "condition": "minecraft:entity_properties",
            "entity": "this",
            "predicate": {
              "location": {
                "biome": "vanilla_plus:crimson_plains"
              }
            }
          }
        ]
      },
      "trigger": "minecraft:location"
    },
    "vanilla_plus:diamond_forest": {
      "conditions": {
        "player": [
          {
            "condition": "minecraft:entity_properties",
            "entity": "this",
            "predicate": {
              "location": {
                "biome": "vanilla_plus:diamond_forest"
              }
            }
          }
        ]
      },
      "trigger": "minecraft:location"
    },
    "vanilla_plus:mixed_fungi_forest": {
      "conditions": {
        "player": [
          {
            "condition": "minecraft:entity_properties",
            "entity": "this",
            "predicate": {
              "location": {
                "biome": "vanilla_plus:mixed_fungi_forest"
              }
            }
          }
        ]
      },
      "trigger": "minecraft:location"
    },
    "vanilla_plus:nether_frost": {
      "conditions": {
        "player": [
          {
            "condition": "minecraft:entity_properties",
            "entity": "this",
            "predicate": {
              "location": {
                "biome": "vanilla_plus:nether_frost"
              }
            }
          }
        ]
      },
      "trigger": "minecraft:location"
    },
    "vanilla_plus:nether_gold_mine": {
      "conditions": {
        "player": [
          {
            "condition": "minecraft:entity_properties",
            "entity": "this",
            "predicate": {
              "location": {
                "biome": "vanilla_plus:nether_gold_mine"
              }
            }
          }
        ]
      },
      "trigger": "minecraft:location"
    },
    "vanilla_plus:moldy_nether_wastes": {
      "conditions": {
        "player": [
          {
            "condition": "minecraft:entity_properties",
            "entity": "this",
            "predicate": {
              "location": {
                "biome": "vanilla_plus:moldy_nether_wastes"
              }
            }
          }
        ]
      },
      "trigger": "minecraft:location"
    },
    "vanilla_plus:scorched_joints": {
      "conditions": {
        "player": [
          {
            "condition": "minecraft:entity_properties",
            "entity": "this",
            "predicate": {
              "location": {
                "biome": "vanilla_plus:scorched_joints"
              }
            }
          }
        ]
      },
      "trigger": "minecraft:location"
    },
    "vanilla_plus:white_sands": {
      "conditions": {
        "player": [
          {
            "condition": "minecraft:entity_properties",
            "entity": "this",
            "predicate": {
              "location": {
                "biome": "vanilla_plus:white_sands"
              }
            }
          }
        ]
      },
      "trigger": "minecraft:location"
    },
    "vanilla_plus:withering_wastes": {
      "conditions": {
        "player": [
          {
            "condition": "minecraft:entity_properties",
            "entity": "this",
            "predicate": {
              "location": {
                "biome": "vanilla_plus:withering_wastes"
              }
            }
          }
        ]
      },
      "trigger": "minecraft:location"
    },
    "vanilla_plus:warped_plains": {
      "conditions": {
        "player": [
          {
            "condition": "minecraft:entity_properties",
            "entity": "this",
            "predicate": {
              "location": {
                "biome": "vanilla_plus:warped_plains"
              }
            }
          }
        ]
      },
      "trigger": "minecraft:location"
    }
  },
  "display": {
    "announce_to_chat": true,
    "description": {
      "translate": "advancements.nether.explore_nether.description"
    },
    "frame": "challenge",
    "hidden": false,
    "icon": {
      "item": "minecraft:netherite_boots",
      "nbt": "{Damage:0,CustomModelData:65535}"
    },
    "show_toast": true,
    "title": {
      "translate": "advancements.nether.explore_nether.title"
    }
  },
  "requirements": [
    [
      "minecraft:nether_wastes"
    ],
    [
      "minecraft:soul_sand_valley"
    ],
    [
      "minecraft:crimson_forest"
    ],
    [
      "minecraft:warped_forest"
    ],
    [
      "minecraft:basalt_deltas"
    ],
    [
      "vanilla_plus:black_forest"
    ],
    [
      "vanilla_plus:blackstone_wastes"
    ],
    [
      "vanilla_plus:crimson_plains"
    ],
    [
      "vanilla_plus:diamond_forest"
    ],
    [
      "vanilla_plus:mixed_fungi_forest"
    ],
    [
      "vanilla_plus:moldy_nether_wastes"
    ],
    [
      "vanilla_plus:nether_gold_mine"
    ],
    [
      "vanilla_plus:nether_frost"
    ],
    [
      "vanilla_plus:scorched_joints"
    ],
    [
      "vanilla_plus:white_sands"
    ],
    [
      "vanilla_plus:warped_plains"
    ],
    [
      "vanilla_plus:withering_wastes"
    ]
  ],
  "rewards": {
    "experience": 500
  }
}