{
    "feature": {
        "type": "minecraft:random_patch",
        "config": {
            "tries": 5,
            "xz_spread": 1,
            "y_spread": 0,
            "feature": {
                "feature": {
                    "type": "minecraft:block_column",
                    "config": {
                        "direction": "up",
                        "allowed_placement": {
                            "type": "minecraft:true"
                        },
                        "prioritize_tip": false,
                        "layers": [
                            {
                                "height": {
                                    "type": "minecraft:uniform",
                                    "min_inclusive": 0,
                                    "max_inclusive": 3
                                },
                                "provider": {
                                    "type": "minecraft:simple_state_provider",
                                    "state": {
                                        "Name": "minecraft:blackstone"
                                    }
                                }
                            }
                        ]
                    }
                },
                "placement": []
            }
        }
    },
    "placement": []
}