{
    "feature": {
        "type": "minecraft:block_pile",
        "config": {
            "state_provider": {
                "type": "minecraft:weighted_state_provider",
                "entries": [
                    {
                        "weight": 5,
                        "data": {
                            "Name": "minecraft:blackstone"
                        }
                    },
                    {
                        "weight": 1,
                        "data": {
                            "Name": "minecraft:gilded_blackstone"
                        }
                    }
                ]
            }
        }
    },
    "placement": [
        {
            "type": "minecraft:block_predicate_filter",
            "predicate": {
                "type": "minecraft:replaceable"
            }
        }
    ]
}