{
	"credit": "Made with Blockbench",
	"textures": {
		"mushroom": "block/brown_mushroom_wall",
		"particle": "block/brown_mushroom_wall"
	},
	"elements": [
		{
			"from": [8, 2, 16],
			"to": [16, 10, 16],
			"rotation": {"angle": -22.5, "axis": "x", "origin": [8, 2, 16]},
			"faces": {
				"north": {"uv": [0, 8, 8, 16], "texture": "#mushroom"},
				"south": {"uv": [8, 8, 0, 16], "texture": "#mushroom"}
			}
		},
		{
			"from": [0, 5, 16],
			"to": [8, 14, 16],
			"rotation": {"angle": -22.5, "axis": "x", "origin": [8, 6, 16]},
			"faces": {
				"north": {"uv": [8, 0, 16, 9], "texture": "#mushroom"},
				"south": {"uv": [16, 0, 8, 9], "texture": "#mushroom"}
			}
		}
	]
}