{
	"credit": "Made with Blockbench",
	"parent": "block/block",
	"textures": {
		"7": "block/mushroom_block_inside",
		"particle": "block/brown_mushroom_block",
		"top": "block/brown_mushroom_block"
	},
	"elements": [
		{
			"from": [11.625, 4.5, -4.125],
			"to": [18.625, 6.5, 2.875],
			"faces": {
				"north": {"uv": [0, 0, 7, 2], "texture": "#top"},
				"east": {"uv": [0, 0, 7, 2], "texture": "#top"},
				"south": {"uv": [0, 0, 7, 2], "texture": "#top"},
				"west": {"uv": [0, 0, 7, 2], "texture": "#top"},
				"up": {"uv": [0, 0, 7, 7], "texture": "#top"},
				"down": {"uv": [0, 0, 7, 7], "texture": "#7"}
			}
		}
	]
}