{
	"credit": "Made with Blockbench",
	"ambientocclusion": false,
	"textures": {
		"particle": "block/sugar_cane",
		"cane": "block/sugar_cane",
		"plants": "block/ctm/canes",
		"empty": "block/reed_empty"
	},
	"elements": [
		{
			"from": [1, 0, 13],
			"to": [3, 16, 15],
			"faces": {
				"north": {"uv": [1, 0, 3, 16], "texture": "#cane"},
				"east": {"uv": [1, 0, 3, 16], "texture": "#cane"},
				"south": {"uv": [1, 0, 3, 16], "texture": "#cane"},
				"west": {"uv": [1, 0, 3, 16], "texture": "#cane"},
				"up": {"uv": [1, 7, 2, 8], "texture": "#cane"},
				"down": {"uv": [1, 7, 2, 8], "texture": "#cane"}
			}
		},
		{
			"from": [8, 0, 11],
			"to": [10, 16, 13],
			"faces": {
				"north": {"uv": [9, 0, 11, 16], "texture": "#cane"},
				"east": {"uv": [9, 0, 11, 16], "texture": "#cane"},
				"south": {"uv": [9, 0, 11, 16], "texture": "#cane"},
				"west": {"uv": [9, 0, 11, 16], "texture": "#cane"},
				"up": {"uv": [1, 7, 2, 8], "texture": "#cane"},
				"down": {"uv": [1, 7, 2, 8], "texture": "#cane"}
			}
		},
		{
			"from": [13, 0, 3],
			"to": [15, 16, 5],
			"faces": {
				"north": {"uv": [13, 0, 15, 16], "texture": "#cane"},
				"east": {"uv": [13, 0, 15, 16], "texture": "#cane"},
				"south": {"uv": [13, 0, 15, 16], "texture": "#cane"},
				"west": {"uv": [13, 0, 15, 16], "texture": "#cane"},
				"up": {"uv": [1, 7, 2, 8], "texture": "#cane"},
				"down": {"uv": [1, 7, 2, 8], "texture": "#cane"}
			}
		},
		{
			"from": [3, 0, 3],
			"to": [5, 16, 5],
			"faces": {
				"north": {"uv": [1, 0, 3, 16], "texture": "#cane"},
				"east": {"uv": [1, 0, 3, 16], "texture": "#cane"},
				"south": {"uv": [1, 0, 3, 16], "texture": "#cane"},
				"west": {"uv": [1, 0, 3, 16], "texture": "#cane"},
				"up": {"uv": [1, 7, 2, 8], "texture": "#cane"},
				"down": {"uv": [1, 7, 2, 8], "texture": "#cane"}
			}
		},
		{
			"from": [2, 6, 4],
			"to": [3, 8, 5],
			"faces": {
				"north": {"uv": [0, 8, 1, 10], "texture": "#cane"},
				"east": {"uv": [0, 8, 1, 10], "texture": "#cane"},
				"south": {"uv": [0, 8, 1, 10], "texture": "#cane"},
				"west": {"uv": [0, 8, 1, 10], "texture": "#cane"},
				"up": {"uv": [0, 8, 1, 9], "texture": "#cane"},
				"down": {"uv": [0, 9, 1, 10], "texture": "#cane"}
			}
		},
		{
			"from": [5, 12, 4],
			"to": [6, 14, 5],
			"faces": {
				"north": {"uv": [0, 8, 1, 10], "texture": "#cane"},
				"east": {"uv": [0, 8, 1, 10], "texture": "#cane"},
				"south": {"uv": [0, 8, 1, 10], "texture": "#cane"},
				"west": {"uv": [0, 8, 1, 10], "texture": "#cane"},
				"up": {"uv": [0, 8, 1, 9], "texture": "#cane"},
				"down": {"uv": [0, 9, 1, 10], "texture": "#cane"}
			}
		},
		{
			"from": [5, 0, 12],
			"to": [7, 16, 14],
			"faces": {
				"north": {"uv": [9, 0, 11, 16], "texture": "#cane"},
				"east": {"uv": [9, 0, 11, 16], "texture": "#cane"},
				"south": {"uv": [9, 0, 11, 16], "texture": "#cane"},
				"west": {"uv": [9, 0, 11, 16], "texture": "#cane"},
				"up": {"uv": [1, 7, 2, 8], "texture": "#cane"},
				"down": {"uv": [1, 7, 2, 8], "texture": "#cane"}
			}
		},
		{
			"from": [3, 0, 8],
			"to": [5, 16, 10],
			"faces": {
				"north": {"uv": [5, 0, 7, 16], "texture": "#cane"},
				"east": {"uv": [5, 0, 7, 16], "texture": "#cane"},
				"south": {"uv": [5, 0, 7, 16], "texture": "#cane"},
				"west": {"uv": [5, 0, 7, 16], "texture": "#cane"},
				"up": {"uv": [1, 7, 2, 8], "texture": "#cane"},
				"down": {"uv": [1, 7, 2, 8], "texture": "#cane"}
			}
		},
		{
			"from": [10, 0, 6],
			"to": [12, 16, 8],
			"faces": {
				"north": {"uv": [5, 0, 7, 16], "texture": "#cane"},
				"east": {"uv": [5, 0, 7, 16], "texture": "#cane"},
				"south": {"uv": [5, 0, 7, 16], "texture": "#cane"},
				"west": {"uv": [5, 0, 7, 16], "texture": "#cane"},
				"up": {"uv": [1, 7, 2, 8], "texture": "#cane"},
				"down": {"uv": [1, 7, 2, 8], "texture": "#cane"}
			}
		},
		{
			"from": [6, 0, 5],
			"to": [8, 16, 7],
			"faces": {
				"north": {"uv": [5, 0, 7, 16], "texture": "#cane"},
				"east": {"uv": [5, 0, 7, 16], "texture": "#cane"},
				"south": {"uv": [5, 0, 7, 16], "texture": "#cane"},
				"west": {"uv": [5, 0, 7, 16], "texture": "#cane"},
				"up": {"uv": [1, 7, 2, 8], "texture": "#cane"},
				"down": {"uv": [1, 7, 2, 8], "texture": "#cane"}
			}
		},
		{
			"from": [13, 0, 12],
			"to": [15, 16, 14],
			"faces": {
				"north": {"uv": [13, 0, 15, 16], "texture": "#cane"},
				"east": {"uv": [13, 0, 15, 16], "texture": "#cane"},
				"south": {"uv": [13, 0, 15, 16], "texture": "#cane"},
				"west": {"uv": [13, 0, 15, 16], "texture": "#cane"},
				"up": {"uv": [1, 7, 2, 8], "texture": "#cane"},
				"down": {"uv": [1, 7, 2, 8], "texture": "#cane"}
			}
		},
		{
			"from": [9, 0, 1],
			"to": [11, 16, 3],
			"faces": {
				"north": {"uv": [5, 0, 7, 16], "texture": "#cane"},
				"east": {"uv": [5, 0, 7, 16], "texture": "#cane"},
				"south": {"uv": [5, 0, 7, 16], "texture": "#cane"},
				"west": {"uv": [5, 0, 7, 16], "texture": "#cane"},
				"up": {"uv": [1, 7, 2, 8], "texture": "#cane"},
				"down": {"uv": [1, 7, 2, 8], "texture": "#cane"}
			}
		},
		{
			"from": [5, 6, 3],
			"to": [6, 8, 4],
			"faces": {
				"north": {"uv": [0, 8, 1, 10], "texture": "#cane"},
				"east": {"uv": [0, 8, 1, 10], "texture": "#cane"},
				"south": {"uv": [0, 8, 1, 10], "texture": "#cane"},
				"west": {"uv": [0, 8, 1, 10], "texture": "#cane"},
				"up": {"uv": [0, 8, 1, 9], "texture": "#cane"},
				"down": {"uv": [0, 9, 1, 10], "texture": "#cane"}
			}
		},
		{
			"from": [2, 12, 3],
			"to": [3, 14, 4],
			"faces": {
				"north": {"uv": [0, 8, 1, 10], "texture": "#cane"},
				"east": {"uv": [0, 8, 1, 10], "texture": "#cane"},
				"south": {"uv": [0, 8, 1, 10], "texture": "#cane"},
				"west": {"uv": [0, 8, 1, 10], "texture": "#cane"},
				"up": {"uv": [0, 8, 1, 9], "texture": "#cane"},
				"down": {"uv": [0, 9, 1, 10], "texture": "#cane"}
			}
		},
		{
			"from": [14, 9, 14],
			"to": [15, 11, 15],
			"faces": {
				"north": {"uv": [0, 8, 1, 10], "texture": "#cane"},
				"east": {"uv": [0, 8, 1, 10], "texture": "#cane"},
				"south": {"uv": [0, 8, 1, 10], "texture": "#cane"},
				"west": {"uv": [0, 8, 1, 10], "texture": "#cane"},
				"up": {"uv": [0, 8, 1, 9], "texture": "#cane"},
				"down": {"uv": [0, 9, 1, 10], "texture": "#cane"}
			}
		},
		{
			"from": [13, 9, 11],
			"to": [14, 11, 12],
			"faces": {
				"north": {"uv": [0, 8, 1, 10], "texture": "#cane"},
				"east": {"uv": [0, 8, 1, 10], "texture": "#cane"},
				"south": {"uv": [0, 8, 1, 10], "texture": "#cane"},
				"west": {"uv": [0, 8, 1, 10], "texture": "#cane"},
				"up": {"uv": [0, 8, 1, 9], "texture": "#cane"},
				"down": {"uv": [0, 9, 1, 10], "texture": "#cane"}
			}
		},
		{
			"from": [13, 2, 11],
			"to": [14, 3, 12],
			"faces": {
				"north": {"uv": [0, 8, 1, 9], "texture": "#cane"},
				"east": {"uv": [0, 8, 1, 9], "texture": "#cane"},
				"south": {"uv": [0, 8, 1, 9], "texture": "#cane"},
				"west": {"uv": [0, 8, 1, 9], "texture": "#cane"},
				"up": {"uv": [0, 8, 1, 9], "texture": "#cane"},
				"down": {"uv": [0, 9, 1, 10], "texture": "#cane"}
			}
		},
		{
			"from": [14, 2, 14],
			"to": [15, 3, 15],
			"faces": {
				"north": {"uv": [0, 8, 1, 9], "texture": "#cane"},
				"east": {"uv": [0, 8, 1, 9], "texture": "#cane"},
				"south": {"uv": [0, 8, 1, 9], "texture": "#cane"},
				"west": {"uv": [0, 8, 1, 9], "texture": "#cane"},
				"up": {"uv": [0, 8, 1, 9], "texture": "#cane"},
				"down": {"uv": [0, 9, 1, 10], "texture": "#cane"}
			}
		},
		{
			"from": [10, 12, 11],
			"to": [11, 13, 12],
			"faces": {
				"north": {"uv": [0, 8, 1, 9], "texture": "#cane"},
				"east": {"uv": [0, 8, 1, 9], "texture": "#cane"},
				"south": {"uv": [0, 8, 1, 9], "texture": "#cane"},
				"west": {"uv": [0, 8, 1, 9], "texture": "#cane"},
				"up": {"uv": [0, 8, 1, 9], "texture": "#cane"},
				"down": {"uv": [0, 9, 1, 10], "texture": "#cane"}
			}
		},
		{
			"from": [3, 6, 2],
			"to": [4, 8, 3],
			"faces": {
				"north": {"uv": [0, 8, 1, 10], "texture": "#cane"},
				"east": {"uv": [0, 8, 1, 10], "texture": "#cane"},
				"south": {"uv": [0, 8, 1, 10], "texture": "#cane"},
				"west": {"uv": [0, 8, 1, 10], "texture": "#cane"},
				"up": {"uv": [0, 8, 1, 9], "texture": "#cane"},
				"down": {"uv": [0, 9, 1, 10], "texture": "#cane"}
			}
		},
		{
			"from": [4, 6, 5],
			"to": [5, 8, 6],
			"faces": {
				"north": {"uv": [0, 8, 1, 10], "texture": "#cane"},
				"east": {"uv": [0, 8, 1, 10], "texture": "#cane"},
				"south": {"uv": [0, 8, 1, 10], "texture": "#cane"},
				"west": {"uv": [0, 8, 1, 10], "texture": "#cane"},
				"up": {"uv": [0, 8, 1, 9], "texture": "#cane"},
				"down": {"uv": [0, 9, 1, 10], "texture": "#cane"}
			}
		},
		{
			"from": [8, 11, 5],
			"to": [9, 13, 6],
			"faces": {
				"north": {"uv": [0, 8, 1, 10], "texture": "#cane"},
				"east": {"uv": [0, 8, 1, 10], "texture": "#cane"},
				"south": {"uv": [0, 8, 1, 10], "texture": "#cane"},
				"west": {"uv": [0, 8, 1, 10], "texture": "#cane"},
				"up": {"uv": [0, 8, 1, 9], "texture": "#cane"},
				"down": {"uv": [0, 9, 1, 10], "texture": "#cane"}
			}
		},
		{
			"from": [5, 11, 6],
			"to": [6, 13, 7],
			"faces": {
				"north": {"uv": [0, 8, 1, 10], "texture": "#cane"},
				"east": {"uv": [0, 8, 1, 10], "texture": "#cane"},
				"south": {"uv": [0, 8, 1, 10], "texture": "#cane"},
				"west": {"uv": [0, 8, 1, 10], "texture": "#cane"},
				"up": {"uv": [0, 8, 1, 9], "texture": "#cane"},
				"down": {"uv": [0, 9, 1, 10], "texture": "#cane"}
			}
		},
		{
			"from": [7, 11, 7],
			"to": [8, 13, 8],
			"faces": {
				"north": {"uv": [0, 8, 1, 10], "texture": "#cane"},
				"east": {"uv": [0, 8, 1, 10], "texture": "#cane"},
				"south": {"uv": [0, 8, 1, 10], "texture": "#cane"},
				"west": {"uv": [0, 8, 1, 10], "texture": "#cane"},
				"up": {"uv": [0, 8, 1, 9], "texture": "#cane"},
				"down": {"uv": [0, 9, 1, 10], "texture": "#cane"}
			}
		},
		{
			"from": [6, 11, 4],
			"to": [7, 13, 5],
			"faces": {
				"north": {"uv": [0, 8, 1, 10], "texture": "#cane"},
				"east": {"uv": [0, 8, 1, 10], "texture": "#cane"},
				"south": {"uv": [0, 8, 1, 10], "texture": "#cane"},
				"west": {"uv": [0, 8, 1, 10], "texture": "#cane"},
				"up": {"uv": [0, 8, 1, 9], "texture": "#cane"},
				"down": {"uv": [0, 9, 1, 10], "texture": "#cane"}
			}
		},
		{
			"from": [6, 5, 4],
			"to": [7, 6, 5],
			"faces": {
				"north": {"uv": [0, 10, 1, 9], "texture": "#cane"},
				"east": {"uv": [0, 9, 1, 10], "texture": "#cane"},
				"south": {"uv": [0, 9, 1, 10], "texture": "#cane"},
				"west": {"uv": [0, 9, 1, 10], "texture": "#cane"},
				"up": {"uv": [0, 9, 1, 10], "texture": "#cane"},
				"down": {"uv": [0, 9, 1, 10], "texture": "#cane"}
			}
		},
		{
			"from": [8, 5, 5],
			"to": [9, 6, 6],
			"faces": {
				"north": {"uv": [0, 10, 1, 9], "texture": "#cane"},
				"east": {"uv": [0, 9, 1, 10], "texture": "#cane"},
				"south": {"uv": [0, 9, 1, 10], "texture": "#cane"},
				"west": {"uv": [0, 9, 1, 10], "texture": "#cane"},
				"up": {"uv": [0, 9, 1, 10], "texture": "#cane"},
				"down": {"uv": [0, 9, 1, 10], "texture": "#cane"}
			}
		},
		{
			"from": [5, 5, 6],
			"to": [6, 6, 7],
			"faces": {
				"north": {"uv": [0, 10, 1, 9], "texture": "#cane"},
				"east": {"uv": [0, 9, 1, 10], "texture": "#cane"},
				"south": {"uv": [0, 9, 1, 10], "texture": "#cane"},
				"west": {"uv": [0, 9, 1, 10], "texture": "#cane"},
				"up": {"uv": [0, 9, 1, 10], "texture": "#cane"},
				"down": {"uv": [0, 9, 1, 10], "texture": "#cane"}
			}
		},
		{
			"from": [6, 5, 7],
			"to": [7, 6, 8],
			"faces": {
				"north": {"uv": [0, 10, 1, 9], "texture": "#cane"},
				"east": {"uv": [0, 9, 1, 10], "texture": "#cane"},
				"south": {"uv": [0, 9, 1, 10], "texture": "#cane"},
				"west": {"uv": [0, 9, 1, 10], "texture": "#cane"},
				"up": {"uv": [0, 9, 1, 10], "texture": "#cane"},
				"down": {"uv": [0, 9, 1, 10], "texture": "#cane"}
			}
		},
		{
			"from": [11, 11, 2],
			"to": [12, 13, 3],
			"faces": {
				"north": {"uv": [0, 8, 1, 10], "texture": "#cane"},
				"east": {"uv": [0, 8, 1, 10], "texture": "#cane"},
				"south": {"uv": [0, 8, 1, 10], "texture": "#cane"},
				"west": {"uv": [0, 8, 1, 10], "texture": "#cane"},
				"up": {"uv": [0, 8, 1, 9], "texture": "#cane"},
				"down": {"uv": [0, 9, 1, 10], "texture": "#cane"}
			}
		},
		{
			"from": [10, 11, 0],
			"to": [11, 13, 1],
			"faces": {
				"north": {"uv": [0, 8, 1, 10], "texture": "#cane"},
				"east": {"uv": [0, 8, 1, 10], "texture": "#cane"},
				"south": {"uv": [0, 8, 1, 10], "texture": "#cane"},
				"west": {"uv": [0, 8, 1, 10], "texture": "#cane"},
				"up": {"uv": [0, 8, 1, 9], "texture": "#cane"},
				"down": {"uv": [0, 9, 1, 10], "texture": "#cane"}
			}
		},
		{
			"from": [8, 11, 1],
			"to": [9, 13, 2],
			"faces": {
				"north": {"uv": [0, 8, 1, 10], "texture": "#cane"},
				"east": {"uv": [0, 8, 1, 10], "texture": "#cane"},
				"south": {"uv": [0, 8, 1, 10], "texture": "#cane"},
				"west": {"uv": [0, 8, 1, 10], "texture": "#cane"},
				"up": {"uv": [0, 8, 1, 9], "texture": "#cane"},
				"down": {"uv": [0, 9, 1, 10], "texture": "#cane"}
			}
		},
		{
			"from": [9, 11, 3],
			"to": [10, 13, 4],
			"faces": {
				"north": {"uv": [0, 8, 1, 10], "texture": "#cane"},
				"east": {"uv": [0, 8, 1, 10], "texture": "#cane"},
				"south": {"uv": [0, 8, 1, 10], "texture": "#cane"},
				"west": {"uv": [0, 8, 1, 10], "texture": "#cane"},
				"up": {"uv": [0, 8, 1, 9], "texture": "#cane"},
				"down": {"uv": [0, 9, 1, 10], "texture": "#cane"}
			}
		},
		{
			"from": [8, 5, 1],
			"to": [9, 6, 2],
			"faces": {
				"north": {"uv": [0, 9, 1, 10], "texture": "#cane"},
				"east": {"uv": [0, 9, 1, 10], "texture": "#cane"},
				"south": {"uv": [0, 9, 1, 10], "texture": "#cane"},
				"west": {"uv": [0, 9, 1, 10], "texture": "#cane"},
				"up": {"uv": [0, 9, 1, 10], "texture": "#cane"},
				"down": {"uv": [0, 9, 1, 10], "texture": "#cane"}
			}
		},
		{
			"from": [11, 5, 2],
			"to": [12, 6, 3],
			"faces": {
				"north": {"uv": [0, 9, 1, 10], "texture": "#cane"},
				"east": {"uv": [0, 9, 1, 10], "texture": "#cane"},
				"south": {"uv": [0, 9, 1, 10], "texture": "#cane"},
				"west": {"uv": [0, 9, 1, 10], "texture": "#cane"},
				"up": {"uv": [0, 9, 1, 10], "texture": "#cane"},
				"down": {"uv": [0, 9, 1, 10], "texture": "#cane"}
			}
		},
		{
			"from": [10, 5, 0],
			"to": [11, 6, 1],
			"faces": {
				"north": {"uv": [0, 9, 1, 10], "texture": "#cane"},
				"east": {"uv": [0, 9, 1, 10], "texture": "#cane"},
				"south": {"uv": [0, 9, 1, 10], "texture": "#cane"},
				"west": {"uv": [0, 9, 1, 10], "texture": "#cane"},
				"up": {"uv": [0, 9, 1, 10], "texture": "#cane"},
				"down": {"uv": [0, 9, 1, 10], "texture": "#cane"}
			}
		},
		{
			"from": [10, 5, 3],
			"to": [11, 6, 4],
			"faces": {
				"north": {"uv": [0, 9, 1, 10], "texture": "#cane"},
				"east": {"uv": [0, 9, 1, 10], "texture": "#cane"},
				"south": {"uv": [0, 9, 1, 10], "texture": "#cane"},
				"west": {"uv": [0, 9, 1, 10], "texture": "#cane"},
				"up": {"uv": [0, 9, 1, 10], "texture": "#cane"},
				"down": {"uv": [0, 9, 1, 10], "texture": "#cane"}
			}
		},
		{
			"from": [12, 13, 7],
			"to": [13, 14, 8],
			"faces": {
				"north": {"uv": [0, 9, 1, 10], "texture": "#cane"},
				"east": {"uv": [0, 9, 1, 10], "texture": "#cane"},
				"south": {"uv": [0, 9, 1, 10], "texture": "#cane"},
				"west": {"uv": [0, 9, 1, 10], "texture": "#cane"},
				"up": {"uv": [0, 9, 1, 10], "texture": "#cane"},
				"down": {"uv": [0, 9, 1, 10], "texture": "#cane"}
			}
		},
		{
			"from": [9, 13, 6],
			"to": [10, 14, 7],
			"faces": {
				"north": {"uv": [0, 9, 1, 10], "texture": "#cane"},
				"east": {"uv": [0, 9, 1, 10], "texture": "#cane"},
				"south": {"uv": [0, 9, 1, 10], "texture": "#cane"},
				"west": {"uv": [0, 9, 1, 10], "texture": "#cane"},
				"up": {"uv": [0, 9, 1, 10], "texture": "#cane"},
				"down": {"uv": [0, 9, 1, 10], "texture": "#cane"}
			}
		},
		{
			"from": [10, 13, 8],
			"to": [11, 14, 9],
			"faces": {
				"north": {"uv": [0, 9, 1, 10], "texture": "#cane"},
				"east": {"uv": [0, 9, 1, 10], "texture": "#cane"},
				"south": {"uv": [0, 9, 1, 10], "texture": "#cane"},
				"west": {"uv": [0, 9, 1, 10], "texture": "#cane"},
				"up": {"uv": [0, 9, 1, 10], "texture": "#cane"},
				"down": {"uv": [0, 9, 1, 10], "texture": "#cane"}
			}
		},
		{
			"from": [11, 13, 5],
			"to": [12, 14, 6],
			"faces": {
				"north": {"uv": [0, 9, 1, 10], "texture": "#cane"},
				"east": {"uv": [0, 9, 1, 10], "texture": "#cane"},
				"south": {"uv": [0, 9, 1, 10], "texture": "#cane"},
				"west": {"uv": [0, 9, 1, 10], "texture": "#cane"},
				"up": {"uv": [0, 9, 1, 10], "texture": "#cane"},
				"down": {"uv": [0, 9, 1, 10], "texture": "#cane"}
			}
		},
		{
			"from": [11, 5, 5],
			"to": [12, 7, 6],
			"faces": {
				"north": {"uv": [0, 8, 1, 10], "texture": "#cane"},
				"east": {"uv": [0, 8, 1, 10], "texture": "#cane"},
				"south": {"uv": [0, 8, 1, 10], "texture": "#cane"},
				"west": {"uv": [0, 8, 1, 10], "texture": "#cane"},
				"up": {"uv": [0, 8, 1, 9], "texture": "#cane"},
				"down": {"uv": [0, 9, 1, 10], "texture": "#cane"}
			}
		},
		{
			"from": [11, 7, 8],
			"to": [12, 9, 9],
			"faces": {
				"north": {"uv": [0, 8, 1, 10], "texture": "#cane"},
				"east": {"uv": [0, 8, 1, 10], "texture": "#cane"},
				"south": {"uv": [0, 8, 1, 10], "texture": "#cane"},
				"west": {"uv": [0, 8, 1, 10], "texture": "#cane"},
				"up": {"uv": [0, 8, 1, 9], "texture": "#cane"},
				"down": {"uv": [0, 9, 1, 10], "texture": "#cane"}
			}
		},
		{
			"from": [0, 6, 14],
			"to": [1, 8, 15],
			"faces": {
				"north": {"uv": [0, 8, 1, 10], "texture": "#cane"},
				"east": {"uv": [0, 8, 1, 10], "texture": "#cane"},
				"south": {"uv": [0, 8, 1, 10], "texture": "#cane"},
				"west": {"uv": [0, 8, 1, 10], "texture": "#cane"},
				"up": {"uv": [0, 8, 1, 9], "texture": "#cane"},
				"down": {"uv": [0, 9, 1, 10], "texture": "#cane"}
			}
		},
		{
			"from": [3, 6, 13],
			"to": [4, 8, 14],
			"faces": {
				"north": {"uv": [0, 8, 1, 10], "texture": "#cane"},
				"east": {"uv": [0, 8, 1, 10], "texture": "#cane"},
				"south": {"uv": [0, 8, 1, 10], "texture": "#cane"},
				"west": {"uv": [0, 8, 1, 10], "texture": "#cane"},
				"up": {"uv": [0, 8, 1, 9], "texture": "#cane"},
				"down": {"uv": [0, 9, 1, 10], "texture": "#cane"}
			}
		},
		{
			"from": [1, 11, 15],
			"to": [2, 13, 16],
			"faces": {
				"north": {"uv": [0, 8, 1, 10], "texture": "#cane"},
				"east": {"uv": [0, 8, 1, 10], "texture": "#cane"},
				"south": {"uv": [0, 8, 1, 10], "texture": "#cane"},
				"west": {"uv": [0, 8, 1, 10], "texture": "#cane"},
				"up": {"uv": [0, 8, 1, 9], "texture": "#cane"},
				"down": {"uv": [0, 9, 1, 10], "texture": "#cane"}
			}
		},
		{
			"from": [2, 11, 12],
			"to": [3, 13, 13],
			"faces": {
				"north": {"uv": [0, 8, 1, 10], "texture": "#cane"},
				"east": {"uv": [0, 8, 1, 10], "texture": "#cane"},
				"south": {"uv": [0, 8, 1, 10], "texture": "#cane"},
				"west": {"uv": [0, 8, 1, 10], "texture": "#cane"},
				"up": {"uv": [0, 8, 1, 9], "texture": "#cane"},
				"down": {"uv": [0, 9, 1, 10], "texture": "#cane"}
			}
		},
		{
			"from": [10, 4, 12],
			"to": [11, 6, 13],
			"faces": {
				"north": {"uv": [0, 8, 1, 10], "texture": "#cane"},
				"east": {"uv": [0, 8, 1, 10], "texture": "#cane"},
				"south": {"uv": [0, 8, 1, 10], "texture": "#cane"},
				"west": {"uv": [0, 8, 1, 10], "texture": "#cane"},
				"up": {"uv": [0, 8, 1, 9], "texture": "#cane"},
				"down": {"uv": [0, 9, 1, 10], "texture": "#cane"}
			}
		},
		{
			"from": [9, 4, 10],
			"to": [10, 6, 11],
			"faces": {
				"north": {"uv": [0, 8, 1, 10], "texture": "#cane"},
				"east": {"uv": [0, 8, 1, 10], "texture": "#cane"},
				"south": {"uv": [0, 8, 1, 10], "texture": "#cane"},
				"west": {"uv": [0, 8, 1, 10], "texture": "#cane"},
				"up": {"uv": [0, 8, 1, 9], "texture": "#cane"},
				"down": {"uv": [0, 9, 1, 10], "texture": "#cane"}
			}
		},
		{
			"from": [15, 8, 4],
			"to": [16, 10, 5],
			"faces": {
				"north": {"uv": [0, 8, 1, 10], "texture": "#cane"},
				"east": {"uv": [0, 8, 1, 10], "texture": "#cane"},
				"south": {"uv": [0, 8, 1, 10], "texture": "#cane"},
				"west": {"uv": [0, 8, 1, 10], "texture": "#cane"},
				"up": {"uv": [0, 8, 1, 9], "texture": "#cane"},
				"down": {"uv": [0, 9, 1, 10], "texture": "#cane"}
			}
		},
		{
			"from": [13, 8, 2],
			"to": [14, 10, 3],
			"faces": {
				"north": {"uv": [0, 8, 1, 10], "texture": "#cane"},
				"east": {"uv": [0, 8, 1, 10], "texture": "#cane"},
				"south": {"uv": [0, 8, 1, 10], "texture": "#cane"},
				"west": {"uv": [0, 8, 1, 10], "texture": "#cane"},
				"up": {"uv": [0, 8, 1, 9], "texture": "#cane"},
				"down": {"uv": [0, 9, 1, 10], "texture": "#cane"}
			}
		},
		{
			"from": [13, 8, 5],
			"to": [14, 10, 6],
			"faces": {
				"north": {"uv": [0, 8, 1, 10], "texture": "#cane"},
				"east": {"uv": [0, 8, 1, 10], "texture": "#cane"},
				"south": {"uv": [0, 8, 1, 10], "texture": "#cane"},
				"west": {"uv": [0, 8, 1, 10], "texture": "#cane"},
				"up": {"uv": [0, 8, 1, 9], "texture": "#cane"},
				"down": {"uv": [0, 9, 1, 10], "texture": "#cane"}
			}
		},
		{
			"from": [12, 8, 3],
			"to": [13, 10, 4],
			"faces": {
				"north": {"uv": [0, 8, 1, 10], "texture": "#cane"},
				"east": {"uv": [0, 8, 1, 10], "texture": "#cane"},
				"south": {"uv": [0, 8, 1, 10], "texture": "#cane"},
				"west": {"uv": [0, 8, 1, 10], "texture": "#cane"},
				"up": {"uv": [0, 8, 1, 9], "texture": "#cane"},
				"down": {"uv": [0, 9, 1, 10], "texture": "#cane"}
			}
		},
		{
			"from": [2, 11, 8],
			"to": [3, 13, 9],
			"faces": {
				"north": {"uv": [0, 8, 1, 10], "texture": "#cane"},
				"east": {"uv": [0, 8, 1, 10], "texture": "#cane"},
				"south": {"uv": [0, 8, 1, 10], "texture": "#cane"},
				"west": {"uv": [0, 8, 1, 10], "texture": "#cane"},
				"up": {"uv": [0, 8, 1, 9], "texture": "#cane"},
				"down": {"uv": [0, 9, 1, 10], "texture": "#cane"}
			}
		},
		{
			"from": [3, 11, 7],
			"to": [4, 13, 8],
			"faces": {
				"north": {"uv": [0, 8, 1, 10], "texture": "#cane"},
				"east": {"uv": [0, 8, 1, 10], "texture": "#cane"},
				"south": {"uv": [0, 8, 1, 10], "texture": "#cane"},
				"west": {"uv": [0, 8, 1, 10], "texture": "#cane"},
				"up": {"uv": [0, 8, 1, 9], "texture": "#cane"},
				"down": {"uv": [0, 9, 1, 10], "texture": "#cane"}
			}
		},
		{
			"from": [3, 5, 10],
			"to": [4, 6, 11],
			"faces": {
				"north": {"uv": [0, 8, 1, 9], "texture": "#cane"},
				"east": {"uv": [0, 8, 1, 9], "texture": "#cane"},
				"south": {"uv": [0, 8, 1, 9], "texture": "#cane"},
				"west": {"uv": [0, 8, 1, 9], "texture": "#cane"},
				"up": {"uv": [0, 8, 1, 9], "texture": "#cane"},
				"down": {"uv": [0, 9, 1, 10], "texture": "#cane"}
			}
		},
		{
			"from": [5, 13, 14],
			"to": [6, 14, 15],
			"faces": {
				"north": {"uv": [0, 8, 1, 9], "texture": "#cane"},
				"east": {"uv": [0, 8, 1, 9], "texture": "#cane"},
				"south": {"uv": [0, 8, 1, 9], "texture": "#cane"},
				"west": {"uv": [0, 8, 1, 9], "texture": "#cane"},
				"up": {"uv": [0, 8, 1, 9], "texture": "#cane"},
				"down": {"uv": [0, 9, 1, 10], "texture": "#cane"}
			}
		},
		{
			"from": [5, 2, 11],
			"to": [6, 4, 12],
			"faces": {
				"north": {"uv": [0, 8, 1, 10], "texture": "#cane"},
				"east": {"uv": [0, 8, 1, 10], "texture": "#cane"},
				"south": {"uv": [0, 8, 1, 10], "texture": "#cane"},
				"west": {"uv": [0, 8, 1, 10], "texture": "#cane"},
				"up": {"uv": [0, 8, 1, 9], "texture": "#cane"},
				"down": {"uv": [0, 9, 1, 10], "texture": "#cane"}
			}
		},
		{
			"name": "cross1",
			"from": [0.8, 0, 8],
			"to": [15.2, 16, 8],
			"shade": false,
			"rotation": {"angle": 45, "axis": "y", "origin": [8, 8, 8], "rescale": true},
			"faces": {
				"north": {"uv": [16, 0, 0, 16], "texture": "#plants"},
				"east": {"uv": [0, 0, 0, 0], "texture": "#plants"},
				"south": {"uv": [0, 0, 16, 16], "texture": "#plants"},
				"west": {"uv": [0, 0, 0, 0], "texture": "#plants"},
				"up": {"uv": [0, 0, 0, 0], "texture": "#plants"},
				"down": {"uv": [0, 0, 0, 0], "texture": "#plants"}
			}
		},
		{
			"name": "cross2",
			"from": [8, 0, 0.8],
			"to": [8, 16, 15.2],
			"shade": false,
			"rotation": {"angle": 45, "axis": "y", "origin": [8, 8, 8], "rescale": true},
			"faces": {
				"north": {"uv": [0, 0, 0, 0], "texture": "#plants"},
				"east": {"uv": [16, 0, 0, 16], "texture": "#plants"},
				"south": {"uv": [0, 0, 0, 0], "texture": "#plants"},
				"west": {"uv": [0, 0, 16, 16], "texture": "#plants"},
				"up": {"uv": [0, 0, 0, 0], "texture": "#plants"},
				"down": {"uv": [0, 0, 0, 0], "texture": "#plants"}
			}
		},
		{
			"name": "cross3",
			"from": [0.8, 0, 11],
			"to": [15.2, 16, 11],
			"shade": false,
			"rotation": {"angle": 45, "axis": "y", "origin": [8, 8, 11], "rescale": true},
			"faces": {
				"north": {"uv": [16, 0, 0, 16], "texture": "#plants"},
				"east": {"uv": [0, 0, 0, 0], "texture": "#plants"},
				"south": {"uv": [0, 0, 16, 16], "texture": "#plants"},
				"west": {"uv": [0, 0, 0, 0], "texture": "#plants"},
				"up": {"uv": [0, 0, 0, 0], "texture": "#plants"},
				"down": {"uv": [0, 0, 0, 0], "texture": "#plants"}
			}
		},
		{
			"name": "cross4",
			"from": [5, 0, 3.8],
			"to": [5, 16, 18.2],
			"shade": false,
			"rotation": {"angle": 45, "axis": "y", "origin": [5, 8, 8], "rescale": true},
			"faces": {
				"north": {"uv": [0, 0, 0, 0], "texture": "#plants"},
				"east": {"uv": [16, 0, 0, 16], "texture": "#plants"},
				"south": {"uv": [0, 0, 0, 0], "texture": "#plants"},
				"west": {"uv": [0, 0, 16, 16], "texture": "#plants"},
				"up": {"uv": [0, 0, 0, 0], "texture": "#plants"},
				"down": {"uv": [0, 0, 0, 0], "texture": "#plants"}
			}
		},
		{
			"name": "cross5",
			"from": [0.8, 0, 5],
			"to": [15.2, 16, 5],
			"shade": false,
			"rotation": {"angle": 45, "axis": "y", "origin": [8, 8, 5], "rescale": true},
			"faces": {
				"north": {"uv": [16, 0, 0, 16], "texture": "#plants"},
				"east": {"uv": [0, 0, 0, 0], "texture": "#plants"},
				"south": {"uv": [0, 0, 16, 16], "texture": "#plants"},
				"west": {"uv": [0, 0, 0, 0], "texture": "#plants"},
				"up": {"uv": [0, 0, 0, 0], "texture": "#plants"},
				"down": {"uv": [0, 0, 0, 0], "texture": "#plants"}
			}
		},
		{
			"name": "cross6",
			"from": [8, 0, -2.2],
			"to": [8, 16, 12.2],
			"shade": false,
			"rotation": {"angle": 45, "axis": "y", "origin": [8, 8, 5], "rescale": true},
			"faces": {
				"north": {"uv": [0, 0, 0, 0], "texture": "#plants"},
				"east": {"uv": [16, 0, 0, 16], "texture": "#plants"},
				"south": {"uv": [0, 0, 0, 0], "texture": "#plants"},
				"west": {"uv": [0, 0, 16, 16], "texture": "#plants"},
				"up": {"uv": [0, 0, 0, 0], "texture": "#plants"},
				"down": {"uv": [0, 0, 0, 0], "texture": "#plants"}
			}
		},
		{
			"name": "cross7",
			"from": [4.8, 0, 8],
			"to": [19.2, 16, 8],
			"shade": false,
			"rotation": {"angle": 45, "axis": "y", "origin": [12, 8, 8], "rescale": true},
			"faces": {
				"north": {"uv": [16, 0, 0, 16], "texture": "#plants"},
				"east": {"uv": [0, 0, 0, 0], "texture": "#plants"},
				"south": {"uv": [0, 0, 16, 16], "texture": "#plants"},
				"west": {"uv": [0, 0, 0, 0], "texture": "#plants"},
				"up": {"uv": [0, 0, 0, 0], "texture": "#plants"},
				"down": {"uv": [0, 0, 0, 0], "texture": "#plants"}
			}
		},
		{
			"name": "cross8",
			"from": [12, 0, 0.8],
			"to": [12, 16, 15.2],
			"shade": false,
			"rotation": {"angle": 45, "axis": "y", "origin": [12, 8, 8], "rescale": true},
			"faces": {
				"north": {"uv": [0, 0, 0, 0], "texture": "#plants"},
				"east": {"uv": [16, 0, 0, 16], "texture": "#plants"},
				"south": {"uv": [0, 0, 0, 0], "texture": "#plants"},
				"west": {"uv": [0, 0, 16, 16], "texture": "#plants"},
				"up": {"uv": [0, 0, 0, 0], "texture": "#plants"},
				"down": {"uv": [0, 0, 0, 0], "texture": "#plants"}
			}
		},
		{
			"name": "cross9",
			"from": [-4.2, 0, 8],
			"to": [10.2, 16, 8],
			"shade": false,
			"rotation": {"angle": 45, "axis": "y", "origin": [3, 8, 8], "rescale": true},
			"faces": {
				"north": {"uv": [16, 0, 0, 16], "texture": "#plants"},
				"east": {"uv": [0, 0, 0, 0], "texture": "#plants"},
				"south": {"uv": [0, 0, 16, 16], "texture": "#plants"},
				"west": {"uv": [0, 0, 0, 0], "texture": "#plants"},
				"up": {"uv": [0, 0, 0, 0], "texture": "#plants"},
				"down": {"uv": [0, 0, 0, 0], "texture": "#plants"}
			}
		},
		{
			"name": "cross10",
			"from": [3, 0, 0.8],
			"to": [3, 16, 15.2],
			"shade": false,
			"rotation": {"angle": 45, "axis": "y", "origin": [3, 8, 8], "rescale": true},
			"faces": {
				"north": {"uv": [0, 0, 0, 0], "texture": "#plants"},
				"east": {"uv": [16, 0, 0, 16], "texture": "#plants"},
				"south": {"uv": [0, 0, 0, 0], "texture": "#plants"},
				"west": {"uv": [0, 0, 16, 16], "texture": "#plants"},
				"up": {"uv": [0, 0, 0, 0], "texture": "#plants"},
				"down": {"uv": [0, 0, 0, 0], "texture": "#plants"}
			}
		},
		{
			"from": [2.25, 0, 0.5],
			"to": [2.25, 16, 4],
			"rotation": {"angle": 45, "axis": "y", "origin": [2.25, 1, 2.5]},
			"faces": {
				"north": {"uv": [0, 0, 0, 0], "texture": "#empty"},
				"east": {"uv": [13, 0, 16, 16], "texture": "#empty"},
				"south": {"uv": [0, 0, 0, 0], "texture": "#empty"},
				"west": {"uv": [13, 0, 16, 16], "texture": "#empty"},
				"up": {"uv": [0, 0, 0, 0], "texture": "#empty"},
				"down": {"uv": [0, 0, 0, 0], "texture": "#empty"}
			}
		},
		{
			"from": [2.07322, 0, 0.57322],
			"to": [2.07322, 16, 4.07322],
			"rotation": {"angle": -45, "axis": "y", "origin": [2.07322, 8, 2.32322]},
			"faces": {
				"north": {"uv": [0, 0, 0, 0], "texture": "#empty"},
				"east": {"uv": [13, 0, 16, 16], "texture": "#empty"},
				"south": {"uv": [0, 0, 0, 0], "texture": "#empty"},
				"west": {"uv": [13, 0, 16, 16], "texture": "#empty"},
				"up": {"uv": [0, 0, 0, 0], "texture": "#empty"},
				"down": {"uv": [0, 0, 0, 0], "texture": "#empty"}
			}
		},
		{
			"from": [10.25, 0, 8.75],
			"to": [10.25, 16, 12.25],
			"rotation": {"angle": -45, "axis": "y", "origin": [2.25, 1, 2.5]},
			"faces": {
				"north": {"uv": [0, 0, 0, 0], "texture": "#empty"},
				"east": {"uv": [13, 0, 16, 16], "texture": "#empty"},
				"south": {"uv": [0, 0, 0, 0], "texture": "#empty"},
				"west": {"uv": [13, 0, 16, 16], "texture": "#empty"},
				"up": {"uv": [0, 0, 0, 0], "texture": "#empty"},
				"down": {"uv": [0, 0, 0, 0], "texture": "#empty"}
			}
		},
		{
			"from": [2.25, 0, 12.06371],
			"to": [2.25, 16, 15.56371],
			"rotation": {"angle": 45, "axis": "y", "origin": [2.25, 8, 13.81371]},
			"faces": {
				"north": {"uv": [0, 0, 0, 0], "texture": "#empty"},
				"east": {"uv": [13, 0, 16, 16], "texture": "#empty"},
				"south": {"uv": [0, 0, 0, 0], "texture": "#empty"},
				"west": {"uv": [13, 0, 16, 16], "texture": "#empty"},
				"up": {"uv": [0, 0, 0, 0], "texture": "#empty"},
				"down": {"uv": [0, 0, 0, 0], "texture": "#empty"}
			}
		},
		{
			"from": [5.75, 0, 4],
			"to": [5.75, 16, 7.5],
			"rotation": {"angle": 45, "axis": "y", "origin": [5.75, 1, 5.75]},
			"faces": {
				"north": {"uv": [0, 0, 0, 0], "texture": "#empty"},
				"east": {"uv": [9, 0, 12, 16], "texture": "#empty"},
				"south": {"uv": [0, 0, 0, 0], "texture": "#empty"},
				"west": {"uv": [12, 0, 9, 16], "texture": "#empty"},
				"up": {"uv": [0, 0, 0, 0], "texture": "#empty"},
				"down": {"uv": [0, 0, 0, 0], "texture": "#empty"}
			}
		},
		{
			"from": [4, 0, 5.75],
			"to": [7.5, 16, 5.75],
			"rotation": {"angle": 45, "axis": "y", "origin": [5.75, 1, 5.75]},
			"faces": {
				"north": {"uv": [9, 0, 12, 16], "texture": "#empty"},
				"east": {"uv": [0, 0, 0, 0], "texture": "#empty"},
				"south": {"uv": [12, 0, 9, 16], "texture": "#empty"},
				"west": {"uv": [0, 0, 0, 0], "texture": "#empty"},
				"up": {"uv": [0, 0, 0, 0], "rotation": 270, "texture": "#empty"},
				"down": {"uv": [0, 0, 0, 0], "rotation": 90, "texture": "#empty"}
			}
		},
		{
			"from": [0.75, 0, 9],
			"to": [4.25, 16, 9],
			"rotation": {"angle": 45, "axis": "y", "origin": [5.75, 1, 5.75]},
			"faces": {
				"north": {"uv": [9, 0, 12, 16], "texture": "#empty"},
				"east": {"uv": [0, 0, 0, 0], "texture": "#empty"},
				"south": {"uv": [12, 0, 9, 16], "texture": "#empty"},
				"west": {"uv": [0, 0, 0, 0], "texture": "#empty"},
				"up": {"uv": [0, 0, 0, 0], "rotation": 270, "texture": "#empty"},
				"down": {"uv": [0, 0, 0, 0], "rotation": 90, "texture": "#empty"}
			}
		},
		{
			"from": [4, 0, 10.75],
			"to": [7.5, 16, 10.75],
			"rotation": {"angle": 45, "axis": "y", "origin": [5.75, 1, 5.75]},
			"faces": {
				"north": {"uv": [12, 0, 9, 16], "texture": "#empty"},
				"east": {"uv": [0, 0, 0, 0], "texture": "#empty"},
				"south": {"uv": [9, 0, 12, 16], "texture": "#empty"},
				"west": {"uv": [0, 0, 0, 0], "texture": "#empty"},
				"up": {"uv": [0, 0, 0, 0], "rotation": 270, "texture": "#empty"},
				"down": {"uv": [0, 0, 0, 0], "rotation": 90, "texture": "#empty"}
			}
		},
		{
			"from": [5.75, 0, 8.59619],
			"to": [5.75, 16, 12.09619],
			"rotation": {"angle": 45, "axis": "y", "origin": [5.75, 8, 10.34619]},
			"faces": {
				"north": {"uv": [0, 0, 0, 0], "texture": "#empty"},
				"east": {"uv": [12, 0, 9, 16], "texture": "#empty"},
				"south": {"uv": [0, 0, 0, 0], "texture": "#empty"},
				"west": {"uv": [9, 0, 12, 16], "texture": "#empty"},
				"up": {"uv": [0, 0, 0, 0], "rotation": 180, "texture": "#empty"},
				"down": {"uv": [0, 0, 0, 0], "rotation": 180, "texture": "#empty"}
			}
		},
		{
			"from": [12.5, 0, -0.25],
			"to": [12.5, 16, 4.75],
			"rotation": {"angle": -45, "axis": "y", "origin": [12.5, 1, 3.5]},
			"faces": {
				"north": {"uv": [0, 0, 0, 0], "texture": "#empty"},
				"east": {"uv": [4, 0, 0, 16], "texture": "#empty"},
				"south": {"uv": [0, 0, 0, 0], "texture": "#empty"},
				"west": {"uv": [0, 0, 4, 16], "texture": "#empty"},
				"up": {"uv": [0, 0, 0, 0], "rotation": 270, "texture": "#empty"},
				"down": {"uv": [0, 0, 0, 0], "rotation": 90, "texture": "#empty"}
			}
		},
		{
			"from": [19, 0, 6.25],
			"to": [19, 16, 11.25],
			"rotation": {"angle": -45, "axis": "y", "origin": [12.5, 1, 3.5]},
			"faces": {
				"north": {"uv": [0, 0, 0, 0], "texture": "#empty"},
				"east": {"uv": [4, 0, 0, 16], "texture": "#empty"},
				"south": {"uv": [0, 0, 0, 0], "texture": "#empty"},
				"west": {"uv": [0, 0, 4, 16], "texture": "#empty"},
				"up": {"uv": [0, 0, 0, 0], "rotation": 270, "texture": "#empty"},
				"down": {"uv": [0, 0, 0, 0], "rotation": 90, "texture": "#empty"}
			}
		},
		{
			"from": [12.5, 0, -0.25],
			"to": [12.5, 16, 4.75],
			"rotation": {"angle": 45, "axis": "y", "origin": [12.5, 1, 3.5]},
			"faces": {
				"north": {"uv": [0, 0, 0, 0], "texture": "#empty"},
				"east": {"uv": [4, 0, 0, 16], "texture": "#empty"},
				"south": {"uv": [0, 0, 0, 0], "texture": "#empty"},
				"west": {"uv": [0, 0, 4, 16], "texture": "#empty"},
				"up": {"uv": [0, 0, 0, 0], "rotation": 270, "texture": "#empty"},
				"down": {"uv": [0, 0, 0, 0], "rotation": 90, "texture": "#empty"}
			}
		},
		{
			"from": [6, 0, 8.75],
			"to": [6, 16, 13.75],
			"rotation": {"angle": 45, "axis": "y", "origin": [12.5, 1, 3.5]},
			"faces": {
				"north": {"uv": [0, 0, 0, 0], "texture": "#empty"},
				"east": {"uv": [0, 0, 4, 16], "texture": "#empty"},
				"south": {"uv": [0, 0, 0, 0], "texture": "#empty"},
				"west": {"uv": [4, 0, 0, 16], "texture": "#empty"},
				"up": {"uv": [0, 0, 0, 0], "rotation": 270, "texture": "#empty"},
				"down": {"uv": [0, 0, 0, 0], "rotation": 90, "texture": "#empty"}
			}
		},
		{
			"from": [7, 0, 6.75],
			"to": [12, 16, 6.75],
			"rotation": {"angle": 45, "axis": "y", "origin": [9.5, 1, 6.75]},
			"faces": {
				"north": {"uv": [4.5, 0, 8.5, 16], "texture": "#empty"},
				"east": {"uv": [0, 0, 0, 0], "texture": "#empty"},
				"south": {"uv": [8.5, 0, 4.5, 16], "texture": "#empty"},
				"west": {"uv": [0, 0, 0, 0], "texture": "#empty"},
				"up": {"uv": [0, 0, 0, 0], "texture": "#empty"},
				"down": {"uv": [0, 0, 0, 0], "texture": "#empty"}
			}
		},
		{
			"from": [9.5, 0, 4.25],
			"to": [9.5, 16, 9.25],
			"rotation": {"angle": 45, "axis": "y", "origin": [9.5, 1, 6.75]},
			"faces": {
				"north": {"uv": [0, 0, 0, 0], "texture": "#empty"},
				"east": {"uv": [8.5, 0, 4.5, 16], "texture": "#empty"},
				"south": {"uv": [0, 0, 0, 0], "texture": "#empty"},
				"west": {"uv": [4.5, 0, 8.5, 16], "texture": "#empty"},
				"up": {"uv": [0, 0, 0, 0], "rotation": 270, "texture": "#empty"},
				"down": {"uv": [0, 0, 0, 0], "rotation": 90, "texture": "#empty"}
			}
		},
		{
			"from": [7.5, 0, 6],
			"to": [7.5, 16, 11],
			"rotation": {"angle": 45, "axis": "y", "origin": [9.5, 1, 6.75]},
			"faces": {
				"north": {"uv": [0, 0, 0, 0], "texture": "#empty"},
				"east": {"uv": [4.5, 0, 8.5, 16], "texture": "#empty"},
				"south": {"uv": [0, 0, 0, 0], "texture": "#empty"},
				"west": {"uv": [8.5, 0, 4.5, 16], "texture": "#empty"},
				"up": {"uv": [0, 0, 0, 0], "rotation": 270, "texture": "#empty"},
				"down": {"uv": [0, 0, 0, 0], "rotation": 90, "texture": "#empty"}
			}
		}
	],
	"groups": [
		0,
		1,
		2,
		3,
		4,
		5,
		6,
		7,
		8,
		9,
		10,
		11,
		12,
		13,
		14,
		15,
		16,
		17,
		18,
		19,
		20,
		21,
		22,
		23,
		24,
		25,
		26,
		27,
		28,
		29,
		30,
		31,
		32,
		33,
		34,
		35,
		36,
		37,
		38,
		39,
		40,
		41,
		42,
		43,
		44,
		45,
		46,
		47,
		48,
		49,
		50,
		51,
		52,
		53,
		54,
		55,
		56,
		57,
		58,
		59,
		60,
		61,
		62,
		63,
		64,
		65,
		66,
		67,
		{
			"name": "group",
			"origin": [8, 8, 8],
			"color": 0,
			"children": [
				{
					"name": "plant",
					"origin": [8, 8, 8],
					"color": 0,
					"children": [68, 69, 70, 71, 72, 73, 74, 75, 76, 77, 78, 79, 80, 81, 82, 83]
				}
			]
		}
	]
}