{
	"credit": "Made with Blockbench",
	"parent": "block/block",
	"ambientocclusion": false,
	"textures": {
		"particle": "#texture",
		"none": "block/seagrass/none"
	},
	"elements": [
		{
			"from": [0, 0, 4],
			"to": [16, 16, 4],
			"shade": false,
			"faces": {
				"north": {"uv": [0, 0, 16, 16], "texture": "#texture", "tintindex": 0},
				"south": {"uv": [0, 0, 16, 16], "texture": "#texture", "tintindex": 0}
			}
		},
		{
			"from": [12, 0, 0],
			"to": [12, 16, 16],
			"shade": false,
			"faces": {
				"east": {"uv": [0, 0, 16, 16], "texture": "#texture", "tintindex": 0},
				"west": {"uv": [0, 0, 16, 16], "texture": "#texture", "tintindex": 0}
			}
		},
		{
			"from": [4, 0, 0],
			"to": [4, 16, 16],
			"shade": false,
			"faces": {
				"east": {"uv": [0, 0, 16, 16], "texture": "#texture", "tintindex": 0},
				"west": {"uv": [0, 0, 16, 16], "texture": "#texture", "tintindex": 0}
			}
		},
		{
			"from": [0, 0, 12],
			"to": [16, 16, 12],
			"shade": false,
			"faces": {
				"north": {"uv": [0, 0, 16, 16], "texture": "#texture", "tintindex": 0},
				"south": {"uv": [0, 0, 16, 16], "texture": "#texture", "tintindex": 0}
			}
		},
		{
			"from": [8, 0, 0.8],
			"to": [8, 16, 15.2],
			"shade": false,
			"rotation": {"angle": 45, "axis": "y", "origin": [8, 8, 8], "rescale": true},
			"faces": {
				"east": {"uv": [0, 0, 16, 16], "texture": "#none"},
				"west": {"uv": [0, 0, 16, 16], "texture": "#none"}
			}
		},
		{
			"from": [0.8, 0, 8],
			"to": [15.2, 16, 8],
			"shade": false,
			"rotation": {"angle": 45, "axis": "y", "origin": [8, 8, 8], "rescale": true},
			"faces": {
				"north": {"uv": [0, 0, 16, 16], "texture": "#none"},
				"south": {"uv": [0, 0, 16, 16], "texture": "#none"}
			}
		}
	],
	"groups": [
		0,
		1,
		2,
		3,
		{
			"name": "cross",
			"origin": [8, 8, 8],
			"color": 0,
			"children": [4, 5]
		}
	]
}