{
    "fallback": "knf:normal/terminators",
    "elements": [
        {
            "weight": 1,
            "element": {
                "element_type": "minecraft:single_pool_element",
                "projection": "rigid",
                "processors": "knf:normal/cracking",
                "location": "knf:normal/corridors/intersection_1"
            }
        },
        {
            "weight": 1,
            "element": {
                "element_type": "minecraft:single_pool_element",
                "projection": "rigid",
                "processors": "knf:normal/cracking_intersection",
                "location": "knf:normal/corridors/intersection_2"
            }
        }
    ]
}