{
    "criteria": {
        "clicked": {
            "trigger": "minecraft:player_interacted_with_entity",
            "conditions": {
                "entity": [
                    {
                        "condition": "minecraft:entity_properties",
                        "entity": "this",
                        "predicate": {
                            "type": "minecraft:interaction",
                            "nbt": "{Tags:[\"vpWoolyCowClickPoint\"]}",
                            "vehicle": {
                                "type": "minecraft:cow",
                                "nbt": "{Tags:[\"vpWoolyCow\"]}"
                            }
                        }
                    }
                ],
                "player": [
                    {
                        "condition": "minecraft:entity_properties",
                        "entity": "this",
                        "predicate": {
                            "equipment": {
                                "mainhand": {
                                    "items": [
                                        "minecraft:shears"
                                    ]
                                }
                            }
                        }
                    }
                ]
            }
        }
    },
    "rewards": {
        "function": "vanilla_plus:coniferous_forest/trim_wooly_cow"
    }
}