{
    "pools": [
        {
            "rolls": 1,
            "entries": [
                {
                    "type": "item",
                    "name": "bow",
                    "functions": [
                        {
                            "function": "set_nbt",
                            "tag": "{CustomModelData:20210224,display:{Name:'{\"translate\":\"ウィザースネーク\",\"color\":\"dark_gray\",\"bold\":true,\"italic\":false}'}}"
                        },
                        {
                            "function": "enchant_with_levels",
                            "treasure": true,
                            "levels": {
                                "min": 20,
                                "max": 30,
                                "type": "minecraft:uniform"
                            },
                            "conditions": [
                                {
                                    "condition": "random_chance",
                                    "chance": 0.3
                                }
                            ]
                        }
                    ]
                }
            ]
        }
    ]
}
