{
  "parent": "minecraft:nether/root",
  "criteria": {
    "fortress": {
      "conditions": {
        "player": [
          {
            "condition": "minecraft:any_of",
            "terms": [
              {
                "condition": "minecraft:entity_properties",
                "entity": "this",
                "predicate": {
                  "location": {
                    "structure": "minecraft:fortress"
                  }
                }
              },
              {
                "condition": "minecraft:entity_properties",
                "entity": "this",
                "predicate": {
                  "location": {
                    "structure": "vanilla_plus:soul_sand_nether_fortress"
                  }
                }
              }
            ]
          }
        ]
      },
      "trigger": "minecraft:location"
    }
  },
  "display": {
    "announce_to_chat": true,
    "description": {
      "translate": "advancements.nether.find_fortress.description"
    },
    "frame": "task",
    "hidden": false,
    "icon": {
      "item": "minecraft:nether_bricks"
    },
    "show_toast": true,
    "title": {
      "translate": "advancements.nether.find_fortress.title"
    }
  },
  "requirements": [
    [
      "fortress"
    ]
  ]
}