{
    "type": "minecraft:block_column",
    "config": {
        "direction": "up",
        "prioritize_tip": false,
        "allowed_placement": {
            "type": "minecraft:true"
        },
        "layers": [
            {
                "height": 2,
                "provider": {
                    "type": "minecraft:weighted_state_provider",
                    "entries": [
                        {
                            "weight": 8,
                            "data": {
                                "Name": "minecraft:polished_blackstone"
                            }
                        },
                        {
                            "weight": 6,
                            "data": {
                                "Name": "minecraft:polished_blackstone_bricks"
                            }
                        },
                        {
                            "weight": 4,
                            "data": {
                                "Name": "minecraft:cracked_polished_blackstone_bricks"
                            }
                        },
                        {
                            "weight": 1,
                            "data": {
                                "Name": "minecraft:chiseled_polished_blackstone"
                            }
                        }
                    ]
                }
            },
            {
                "height": 1,
                "provider": {
                    "type": "minecraft:weighted_state_provider",
                    "entries": [
                        {
                            "weight": 6,
                            "data": {
                                "Name": "minecraft:polished_blackstone_wall"
                            }
                        },
                        {
                            "weight": 4,
                            "data": {
                                "Name": "minecraft:polished_blackstone_brick_wall"
                            }
                        },
                        {
                            "weight": 3,
                            "data": {
                                "Name": "minecraft:blackstone_wall"
                            }
                        }
                    ]
                }
            },
            {
                "height": {
                    "type": "minecraft:weighted_list",
                    "distribution": [
                        {
                            "weight": 1,
                            "data": 0
                        },
                        {
                            "weight": 2,
                            "data": 1
                        }
                    ]
                },
                "provider": {
                    "type": "minecraft:simple_state_provider",
                    "state": {
                        "Name": "minecraft:soul_lantern",
                        "Properties": {
                            "hanging": "false",
                            "waterlogged": "false"
                        }
                    }
                }
            }
        ]
    }
}