{
    "type": "minecraft:block_column",
    "config": {
        "direction": "up",
        "prioritize_tip": false,
        "allowed_placement": {
            "type": "minecraft:true"
        },
        "layers": [
            {
                "height": 1,
                "provider": {
                    "type": "minecraft:simple_state_provider",
                    "state": {
                        "Name": "minecraft:nether_brick_wall"
                    }
                }
            },
            {
                "height": 1,
                "provider": {
                    "type": "minecraft:simple_state_provider",
                    "state": {
                        "Name": "minecraft:nether_brick_fence"
                    }
                }
            }
        ]
    }
}