{
    "type": "minecraft:simple_block",
    "config": {
        "to_place": {
            "type": "minecraft:weighted_state_provider",
            "entries": [
                {
                    "data": {
                        "Name": "minecraft:crimson_roots"
                    },
                    "weight": 2
                },
                {
                    "data": {
                        "Name": "minecraft:warped_roots"
                    },
                    "weight": 6
                },
                {
                    "data": {
                        "Name": "minecraft:nether_sprouts"
                    },
                    "weight": 6
                },
                {
                    "data": {
                        "Name": "minecraft:wither_rose"
                    },
                    "weight": 3
                },
                {
                    "data": {
                        "Name": "minecraft:soul_fire"
                    },
                    "weight": 3
                }
            ]
        }
    }
}