{
  "config": {
    "features": [
      {
        "feature": "minecraft:birch_bees_0002",
        "chance": 0.2
      },
      {
        "feature": "minecraft:fancy_oak_bees_0002",
        "chance": 0.1
      },
      {
        "feature": "vanilla_plus:fallen_birch",
        "chance": 0.025
      },
      {
        "chance": 0.025,
        "feature": "vanilla_plus:fallen_oak"
      },
      {
        "chance": 0.025,
        "feature": "vanilla_plus:mossy_oak"
      }
    ],
    "default": "minecraft:oak_bees_0002"
  },
  "type": "minecraft:random_selector"
}
