{
  "config": {
    "features": [
      {
        "feature": "vanilla_plus:mega_spruce_tall",
        "chance": 0.025641026
      },
      {
        "feature": "vanilla_plus:mega_pine_checked",
        "chance": 0.30769232
      },
      {
        "feature": "minecraft:pine_checked",
        "chance": 0.33333334
      },
      {
        "chance": 0.03,
        "feature": "vanilla_plus:fallen_spruce"
      },
      {
        "chance": 0.03,
        "feature": "vanilla_plus:mossy_spruce"
      }
    ],
    "default": "minecraft:spruce_checked"
  },
  "type": "minecraft:random_selector"
}
