{
  "type": "minecraft:nether_forest_vegetation",
  "config": {
    "spread_height": 4,
    "spread_width": 8,
    "state_provider": {
      "type": "minecraft:weighted_state_provider",
      "entries": [
        {
          "data": {
            "Name": "minecraft:warped_roots"
          },
          "weight": 85
        },
        {
          "data": {
            "Name": "minecraft:crimson_roots"
          },
          "weight": 1
        },
        {
          "data": {
            "Name": "minecraft:warped_fungus"
          },
          "weight": 13
        },
        {
          "data": {
            "Name": "minecraft:crimson_fungus"
          },
          "weight": 1
        },
        {
          "data": {
              "Name": "minecraft:torchflower"
          },
          "weight": 5
        }
      ]
    }
  }
}