{
    "type": "chest",
    "pools": [
        {
            "rolls": {
                "min": 4,
                "max": 7,
                "type": "minecraft:uniform"
            },
            "bonus_rolls": 0,
            "entries": [
                {
                    "type": "item",
                    "name": "bread",
                    "weight": 7,
                    "functions": [
                        {
                            "function": "set_count",
                            "count": {
                                "min": 2,
                                "max": 5,
                                "type": "minecraft:uniform"
                            }
                        }
                    ]
                },
                {
                    "type": "item",
                    "name": "potato",
                    "weight": 5,
                    "functions": [
                        {
                            "function": "set_count",
                            "count": {
                                "min": 3,
                                "max": 5,
                                "type": "minecraft:uniform"
                            }
                        }
                    ]
                },
                {
                    "type": "item",
                    "name": "apple",
                    "weight": 6,
                    "functions": [
                        {
                            "function": "set_count",
                            "count": {
                                "min": 2,
                                "max": 5,
                                "type": "minecraft:uniform"
                            }
                        }
                    ]
                },
                {
                    "type": "item",
                    "name": "carrot",
                    "weight": 7,
                    "functions": [
                        {
                            "function": "set_count",
                            "count": {
                                "min": 2,
                                "max": 5,
                                "type": "minecraft:uniform"
                            }
                        }
                    ]
                },
                {
                    "type": "item",
                    "name": "rabbit",
                    "weight": 4,
                    "functions": [
                        {
                            "function": "set_count",
                            "count": {
                                "min": 4,
                                "max": 8,
                                "type": "minecraft:uniform"
                            }
                        }
                    ]
                },
                {
                    "type": "item",
                    "name": "golden_apple",
                    "weight": 2,
                    "functions": [
                        {
                            "function": "set_count",
                            "count": {
                                "min": 1,
                                "max": 3,
                                "type": "minecraft:uniform"
                            }
                        }
                    ]
                },
                {
                    "type": "item",
                    "name": "enchanted_golden_apple",
                    "weight": 1,
                    "functions": [
                        {
                            "function": "set_count",
                            "count": {
                                "min": 1,
                                "max": 2,
                                "type": "minecraft:uniform"
                            }
                        }
                    ]
                }
            ]
        }
    ]
}
