{
    "type": "chest",
    "pools": [
        {
            "rolls": 1,
            "entries": [
                {
                    "type": "loot_table",
                    "name": "minecraft:chests/pillager_outpost"
                }
            ]
        },
        {
            "rolls": {
                "min": 3,
                "max": 7,
                "type": "minecraft:uniform"
            },
            "entries": [
                {
                    "type": "item",
                    "name": "sand",
                    "weight": 16,
                    "functions": [
                        {
                            "function": "set_count",
                            "count": {
                                "min": 4,
                                "max": 16,
                                "type": "minecraft:uniform"
                            }
                        }
                    ]
                },
                {
                    "type": "tag",
                    "name": "vanilla_plus:sandstones",
                    "expand": true,
                    "weight": 14,
                    "functions": [
                        {
                            "function": "set_count",
                            "count": {
                                "min": 1,
                                "max": 8,
                                "type": "minecraft:uniform"
                            }
                        }
                    ]
                },
                {
                    "type": "item",
                    "name": "emerald",
                    "weight": 8,
                    "functions": [
                        {
                            "function": "set_count",
                            "count": {
                                "min": 1,
                                "max": 3,
                                "type": "minecraft:uniform"
                            }
                        }
                    ]
                },
                {
                    "type": "item",
                    "name": "chain",
                    "weight": 16,
                    "functions": [
                        {
                            "function": "set_count",
                            "count": {
                                "min": 1,
                                "max": 6,
                                "type": "minecraft:uniform"
                            }
                        }
                    ]
                },
                {
                    "type": "item",
                    "name": "diamond",
                    "weight": 4,
                    "functions": [
                        {
                            "function": "set_count",
                            "count": {
                                "min": 1,
                                "max": 5,
                                "type": "minecraft:uniform"
                            }
                        }
                    ]
                },
                {
                    "type": "item",
                    "name": "iron_nugget",
                    "weight": 8,
                    "functions": [
                        {
                            "function": "set_count",
                            "count": {
                                "min": 4,
                                "max": 9,
                                "type": "minecraft:uniform"
                            }
                        }
                    ]
                },
                {
                    "type": "item",
                    "name": "rabbit_hide",
                    "weight": 6,
                    "functions": [
                        {
                            "function": "set_count",
                            "count": {
                                "min": 2,
                                "max": 4,
                                "type": "minecraft:uniform"
                            }
                        }
                    ]
                },
                {
                    "type": "item",
                    "name": "rabbit_foot",
                    "weight": 3,
                    "functions": [
                        {
                            "function": "set_count",
                            "count": {
                                "min": 2,
                                "max": 8,
                                "type": "minecraft:uniform"
                            }
                        }
                    ]
                }
            ]
        }
    ]
}
