{
    "type": "chest",
    "pools": [
        {
            "rolls": {
                "min": 4,
                "max": 6
            },
            "entries": [
                {
                    "type": "item",
                    "name": "potion",
                    "functions": [
                        {
                            "function": "set_nbt",
                            "tag": "{Potion:'minecraft:swiftness'}"
                        }
                    ]
                },
                {
                    "type": "item",
                    "name": "potion",
                    "functions": [
                        {
                            "function": "set_nbt",
                            "tag": "{Potion:'minecraft:slowness'}"
                        }
                    ]
                },
                {
                    "type": "item",
                    "name": "potion",
                    "functions": [
                        {
                            "function": "set_nbt",
                            "tag": "{Potion:'minecraft:strength'}"
                        }
                    ]
                },
                {
                    "type": "item",
                    "name": "potion",
                    "functions": [
                        {
                            "function": "set_nbt",
                            "tag": "{Potion:'minecraft:weakness'}"
                        }
                    ]
                },
                {
                    "type": "item",
                    "name": "potion",
                    "functions": [
                        {
                            "function": "set_nbt",
                            "tag": "{Potion:'minecraft:healing'}"
                        }
                    ]
                },
                {
                    "type": "item",
                    "name": "potion",
                    "functions": [
                        {
                            "function": "set_nbt",
                            "tag": "{Potion:'minecraft:harming'}"
                        }
                    ]
                },
                {
                    "type": "item",
                    "name": "potion",
                    "functions": [
                        {
                            "function": "set_nbt",
                            "tag": "{Potion:'minecraft:leaping'}"
                        }
                    ]
                },
                {
                    "type": "item",
                    "name": "potion",
                    "functions": [
                        {
                            "function": "set_nbt",
                            "tag": "{Potion:'minecraft:luck'}"
                        }
                    ]
                },
                {
                    "type": "item",
                    "name": "potion",
                    "functions": [
                        {
                            "function": "set_nbt",
                            "tag": "{Potion:'minecraft:regeneration'}"
                        }
                    ]
                },
                {
                    "type": "item",
                    "name": "potion",
                    "functions": [
                        {
                            "function": "set_nbt",
                            "tag": "{Potion:'minecraft:poison'}"
                        }
                    ]
                },
                {
                    "type": "item",
                    "name": "potion",
                    "functions": [
                        {
                            "function": "set_nbt",
                            "tag": "{Potion:'minecraft:fire_registance'}"
                        }
                    ]
                },
                {
                    "type": "item",
                    "name": "potion",
                    "functions": [
                        {
                            "function": "set_nbt",
                            "tag": "{Potion:'minecraft:water_breathing'}"
                        }
                    ]
                },
                {
                    "type": "item",
                    "name": "potion",
                    "functions": [
                        {
                            "function": "set_nbt",
                            "tag": "{Potion:'minecraft:swiftness'}"
                        }
                    ]
                },
                {
                    "type": "item",
                    "name": "potion",
                    "functions": [
                        {
                            "function": "set_nbt",
                            "tag": "{Potion:'minecraft:nightvision'}"
                        }
                    ]
                },
                {
                    "type": "item",
                    "name": "potion",
                    "functions": [
                        {
                            "function": "set_nbt",
                            "tag": "{Potion:'minecraft:invisibility'}"
                        }
                    ]
                },
                {
                    "type": "item",
                    "name": "gunpowder"
                },
                {
                    "type": "item",
                    "name": "sugar"
                },
                {
                    "type": "item",
                    "name": "glowstone_dust"
                },
                {
                    "type": "item",
                    "name": "redstone"
                }
            ]
        }
    ]
}
