{
    "type": "chest",
    "pools": [
        {
            "rolls": {
                "min": 3,
                "max": 6,
                "type": "minecraft:uniform"
            },
            "entries": [
                {
                    "type": "item",
                    "name": "iron_ingot",
                    "weight": 8,
                    "functions": [
                        {
                            "function": "set_count",
                            "count": {
                                "min": 4,
                                "max": 8,
                                "type": "minecraft:uniform"
                            }
                        }
                    ]
                },
                {
                    "type": "item",
                    "name": "iron_nugget",
                    "weight": 12,
                    "functions": [
                        {
                            "function": "set_count",
                            "count": {
                                "min": 7,
                                "max": 14,
                                "type": "minecraft:uniform"
                            }
                        }
                    ]
                },
                {
                    "type": "item",
                    "name": "gold_ingot",
                    "weight": 7,
                    "functions": [
                        {
                            "function": "set_count",
                            "count": {
                                "min": 3,
                                "max": 6,
                                "type": "minecraft:uniform"
                            }
                        }
                    ]
                },
                {
                    "type": "item",
                    "name": "gold_nugget",
                    "weight": 14,
                    "functions": [
                        {
                            "function": "set_count",
                            "count": {
                                "min": 12,
                                "max": 16,
                                "type": "minecraft:uniform"
                            }
                        }
                    ]
                },
                {
                    "type": "item",
                    "name": "saddle",
                    "weight": 5
                },
                {
                    "type": "item",
                    "name": "diamond",
                    "weight": 2,
                    "functions": [
                        {
                            "function": "set_count",
                            "count": {
                                "min": 1,
                                "max": 3,
                                "type": "minecraft:uniform"
                            }
                        }
                    ]
                },
                {
                    "type": "item",
                    "name": "golden_apple",
                    "weight": 2,
                    "functions": [
                        {
                            "function": "set_count",
                            "count": {
                                "min": 1,
                                "max": 2,
                                "type": "minecraft:uniform"
                            }
                        }
                    ]
                },
                {
                    "type": "item",
                    "name": "enchanted_golden_apple",
                    "weight": 1,
                    "functions": [
                        {
                            "function": "set_count",
                            "count": {
                                "min": 1,
                                "max": 2,
                                "type": "minecraft:uniform"
                            }
                        }
                    ]
                },
                {
                    "type": "item",
                    "name": "book",
                    "weight": 5,
                    "functions": [
                        {
                            "function": "enchant_with_levels",
                            "levels": {
                                "min": 20,
                                "max": 30,
                                "type": "minecraft:uniform"
                            },
                            "treasure": true
                        }
                    ]
                },
                {
                    "type": "item",
                    "name": "totem_of_undying",
                    "weight": 1
                }
            ]
        }
    ]
}
