{
    "type": "chest",
    "pools": [
        {
            "rolls": {
                "min": 2,
                "max": 8
            },
            "bonus_rolls": 0,
            "entries": [
                {
                    "type": "item",
                    "name": "iron_axe",
                    "weight": 20
                },
                {
                    "type": "item",
                    "name": "iron_pickaxe",
                    "weight": 20
                },
                {
                    "type": "item",
                    "name": "compass",
                    "weight": 20
                },
                {
                    "type": "item",
                    "name": "iron_axe",
                    "weight": 1,
                    "functions": [
                        {
                            "function": "enchant_with_levels",
                            "treasure": true,
                            "levels": {
                                "min": 10,
                                "max": 30,
                                "type": "minecraft:uniform"
                            }
                        }
                    ]
                },
                {
                    "type": "item",
                    "name": "iron_pickaxe",
                    "weight": 1,
                    "functions": [
                        {
                            "function": "enchant_with_levels",
                            "treasure": true,
                            "levels": {
                                "min": 10,
                                "max": 30,
                                "type": "minecraft:uniform"
                            }
                        }
                    ]
                },
                {
                    "type": "item",
                    "name": "golden_axe",
                    "weight": 5,
                    "functions": [
                        {
                            "function": "enchant_with_levels",
                            "treasure": true,
                            "levels": {
                                "min": 10,
                                "max": 30,
                                "type": "minecraft:uniform"
                            }
                        }
                    ]
                },
                {
                    "type": "item",
                    "name": "golden_pickaxe",
                    "weight": 5,
                    "functions": [
                        {
                            "function": "enchant_with_levels",
                            "treasure": true,
                            "levels": {
                                "min": 10,
                                "max": 30,
                                "type": "minecraft:uniform"
                            }
                        }
                    ]
                },
                {
                    "type": "item",
                    "name": "diamond_axe",
                    "weight": 1,
                    "functions": [
                        {
                            "function": "enchant_with_levels",
                            "treasure": true,
                            "levels": {
                                "min": 10,
                                "max": 30,
                                "type": "minecraft:uniform"
                            }
                        }
                    ]
                },
                {
                    "type": "item",
                    "name": "diamond_pickaxe",
                    "weight": 1,
                    "functions": [
                        {
                            "function": "enchant_with_levels",
                            "treasure": true,
                            "levels": {
                                "min": 10,
                                "max": 30,
                                "type": "minecraft:uniform"
                            }
                        }
                    ]
                }
            ]
        }
    ]
}
