[
    {
        "condition": "minecraft:any_of",
        "terms": [
            {
                "condition": "minecraft:location_check",
                "offsetX": 1,
                "predicate": {
                    "block": {
                        "blocks": [
                            "minecraft:air",
                            "minecraft:cave_air",
                            "minecraft:void_air"
                        ]
                    }
                }
            },
            {
                "condition": "minecraft:location_check",
                "offsetX": -1,
                "predicate": {
                    "block": {
                        "blocks": [
                            "minecraft:air",
                            "minecraft:cave_air",
                            "minecraft:void_air"
                        ]
                    }
                }
            },
            {
                "condition": "minecraft:location_check",
                "offsetZ": 1,
                "predicate": {
                    "block": {
                        "blocks": [
                            "minecraft:air",
                            "minecraft:cave_air",
                            "minecraft:void_air"
                        ]
                    }
                }
            },
            {
                "condition": "minecraft:location_check",
                "offsetZ": -1,
                "predicate": {
                    "block": {
                        "blocks": [
                            "minecraft:air",
                            "minecraft:cave_air",
                            "minecraft:void_air"
                        ]
                    }
                }
            }
        ]
    }
]