{
    "type": "minecraft:random_patch",
    "config": {
        "xz_spread": 7,
        "y_spread": 0,
        "tries": 200,
        "feature": {
            "feature": {
                "type": "minecraft:simple_block",
                "config": {
                    "to_place": {
                        "type": "minecraft:noise_provider",
                        "states": [
                            {
                                "Name": "minecraft:blackstone"
                            },
                            {
                                "Name": "minecraft:blackstone"
                            }
                        ],
                        "noise": {
                            "firstOctave": -3,
                            "amplitudes": [
                                1,
                                1
                            ]
                        },
                        "scale": 1,
                        "seed": 0
                    }
                }
            },
            "placement": [
                {
                    "type": "minecraft:block_predicate_filter",
                    "predicate": {
                        "type": "minecraft:all_of",
                        "predicates": [
                            {
                                "type": "minecraft:matching_block_tag",
                                "tag": "knf:consist_fortress"
                            },
                            {
                                "type": "minecraft:matching_block_tag",
                                "tag": "knf:consist_fortress",
                                "offset": [
                                    0,
                                    -1,
                                    0
                                ]
                            },
                            {
                                "type": "minecraft:matching_blocks",
                                "offset": [
                                    0,
                                    1,
                                    0
                                ],
                                "blocks": [
                                    "minecraft:air"
                                ]
                            },
                            {
                                "type": "minecraft:not",
                                "predicate": {
                                    "type": "minecraft:matching_blocks",
                                    "blocks": [
                                        "minecraft:red_nether_bricks",
                                        "minecraft:polished_blackstone"
                                    ]
                                }
                            }
                        ]
                    }
                }
            ]
        }
    }
}