{
    "type": "minecraft:block_column",
    "config": {
        "direction": "up",
        "allowed_placement": {
            "type": "minecraft:true"
        },
        "prioritize_tip": false,
        "layers": [
            {
                "height": 1,
                "provider": {
                    "type": "minecraft:simple_state_provider",
                    "state": {
                        "Name": "minecraft:coal_block"
                    }
                }
            },
            {
                "height": 1,
                "provider": {
                    "type": "minecraft:simple_state_provider",
                    "state": {
                        "Name": "minecraft:air"
                    }
                }
            }
        ]
    }
}