{
    "type": "minecraft:block_column",
    "config": {
        "direction": "up",
        "prioritize_tip": false,
        "allowed_placement": {
            "type": "minecraft:true"
        },
        "layers": [
            {
                "height": 1,
                "provider": {
                    "type": "minecraft:weighted_state_provider",
                    "entries": [
                        {
                            "weight": 1,
                            "data": {
                                "Name": "minecraft:soul_sand"
                            }
                        },
                        {
                            "weight": 1,
                            "data": {
                                "Name": "minecraft:soul_soil"
                            }
                        }
                    ]
                }
            },
            {
                "height": 1,
                "provider": {
                    "type": "minecraft:simple_state_provider",
                    "state": {
                        "Name": "minecraft:soul_fire"
                    }
                }
            }
        ]
    }
}