{
  "config": {
    "features": [
      {
        "feature": {
          "feature": "minecraft:huge_brown_mushroom",
          "placement": []
        },
        "chance": 0.025
      },
      {
        "feature": {
          "feature": "minecraft:huge_red_mushroom",
          "placement": []
        },
        "chance": 0.05
      },
      {
        "feature": "minecraft:dark_oak_checked",
        "chance": 0.6666667
      },
      {
        "feature": "minecraft:birch_checked",
        "chance": 0.2
      },
      {
        "feature": "minecraft:fancy_oak_checked",
        "chance": 0.1
      },
      {
        "feature": "vanilla_plus:mossy_dark_oak",
        "chance": 0.16666675
      }
    ],
    "default": "minecraft:oak_checked"
  },
  "type": "minecraft:random_selector"
}
