{
  "type": "minecraft:random_selector",
  "config": {
    "default": {
      "feature": {
        "config": {
          "tries": 10,
          "xz_spread": 7,
          "y_spread": 3,
          "feature": {
            "feature": {
              "config": {
                "layers": [
                  {
                    "height": {
                      "type": "minecraft:biased_to_bottom",
                      "value": {
                        "min_inclusive": 1,
                        "max_inclusive": 3
                      }
                    },
                    "provider": {
                      "state": {
                        "Properties": {
                          "age": "0"
                        },
                        "Name": "minecraft:cactus"
                      },
                      "type": "minecraft:simple_state_provider"
                    }
                  }
                ],
                "direction": "up",
                "allowed_placement": {
                  "blocks": [
                    "minecraft:air"
                  ],
                  "type": "minecraft:matching_blocks"
                },
                "prioritize_tip": false
              },
              "type": "minecraft:block_column"
            },
            "placement": [
              {
                "predicate": {
                  "predicates": [
                    {
                      "blocks": [
                        "minecraft:air"
                      ],
                      "type": "minecraft:matching_blocks"
                    },
                    {
                      "state": {
                        "Properties": {
                          "age": "0"
                        },
                        "Name": "minecraft:cactus"
                      },
                      "type": "minecraft:would_survive"
                    }
                  ],
                  "type": "minecraft:all_of"
                },
                "type": "minecraft:block_predicate_filter"
              }
            ]
          }
        },
        "type": "minecraft:random_patch"
      },
      "placement": []
    },
    "features": [
      {
        "chance": 0.025,
        "feature": {
          "feature": {
            "config": {
              "tries": 10,
              "xz_spread": 7,
              "y_spread": 3,
              "feature": {
                "feature": {
                  "config": {
                    "layers": [
                      {
                        "height": {
                          "type": "minecraft:biased_to_bottom",
                          "value": {
                            "min_inclusive": 4,
                            "max_inclusive": 8
                          }
                        },
                        "provider": {
                          "state": {
                            "Properties": {
                              "age": "0"
                            },
                            "Name": "minecraft:cactus"
                          },
                          "type": "minecraft:simple_state_provider"
                        }
                      }
                    ],
                    "direction": "up",
                    "allowed_placement": {
                      "blocks": [
                        "minecraft:air"
                      ],
                      "type": "minecraft:matching_blocks"
                    },
                    "prioritize_tip": false
                  },
                  "type": "minecraft:block_column"
                },
                "placement": [
                  {
                    "predicate": {
                      "predicates": [
                        {
                          "blocks": [
                            "minecraft:air"
                          ],
                          "type": "minecraft:matching_blocks"
                        },
                        {
                          "state": {
                            "Properties": {
                              "age": "0"
                            },
                            "Name": "minecraft:cactus"
                          },
                          "type": "minecraft:would_survive"
                        }
                      ],
                      "type": "minecraft:all_of"
                    },
                    "type": "minecraft:block_predicate_filter"
                  }
                ]
              }
            },
            "type": "minecraft:random_patch"
          },
          "placement": []
        }
      }
    ]
  }
}
