{
  "type": "minecraft:random_patch",
  "config": {
    "feature": {
      "feature": {
        "type": "minecraft:simple_block",
        "config": {
          "to_place": {
            "type": "minecraft:simple_state_provider",
            "state": {
              "Name": "minecraft:lily_pad"
            }
          }
        }
      },
      "placement": [
        {
          "type": "minecraft:block_predicate_filter",
          "predicate": {
            "type": "minecraft:any_of",
            "predicates": [
                {
                    "type": "minecraft:matching_blocks",
                    "blocks": "minecraft:air"
                },
                {
                    "type": "matching_blocks",
                    "blocks": ["minecraft:water"],
                    "offset": [
                        0,
                        -1,
                        0
                    ]
                }
            ]
          }
        }
      ]
    },
    "tries": 10,
    "xz_spread": 7,
    "y_spread": 3
  }
}