{
  "type": "minecraft:vegetation_patch",
  "config": {
    "depth": 1,
    "extra_bottom_block_chance": 0,
    "extra_edge_column_chance": 0.8,
    "ground_state": {
      "type": "minecraft:simple_state_provider",
      "state": {
        "Name": "minecraft:grass_block",
        "Properties": {
          "snowed": "true"
        }
      }
    },
    "replaceable": "#minecraft:dirt",
    "surface": "floor",
    "vegetation_chance": 0.1,
    "vertical_range": 1,
    "xz_radius": 7,
    "vegetation_feature": {
      "feature": {
        "type": "minecraft:simple_block",
        "config": {
          "to_place": {
            "type": "minecraft:simple_state_provider",
            "state": {
              "Name": "minecraft:sunflower",
              "Properties": {
                "half": "lower"
              }
            }
          }
        }
      },
      "placement": [
        {
          "type": "minecraft:block_predicate_filter",
          "predicate": {
            "type": "minecraft:matching_blocks",
            "blocks": [
              "minecraft:air"
            ]
          }
        }
      ]
    }
  }
}
