{
  "type": "minecraft:tree",
  "config": {
    "decorators": [
      {
        "type": "minecraft:leave_vine",
        "probability": 0.5
      },
      {
        "type": "minecraft:alter_ground",
        "provider": {
            "type": "minecraft:weighted_state_provider",
            "entries": [
              {
                "weight": 1,
                "data": {
                    "Name": "minecraft:mud"
                }
              },
              {
                "weight": 1,
                "data": {
                    "Name": "minecraft:muddy_mangrove_roots",
                    "Properties": {
                      "axis": "y"
                    }
                }
              }
            ]
        }
      },
      {
        "type": "minecraft:trunk_vine"
      }
    ],
    "dirt_provider": {
      "type": "minecraft:simple_state_provider",
      "state": {
        "Name": "minecraft:dirt"
      }
    },
    "foliage_placer": {
      "type": "minecraft:blob_foliage_placer",
      "height": 3,
      "offset": 0,
      "radius": 3
    },
    "foliage_provider": {
      "type": "minecraft:simple_state_provider",
      "state": {
        "Name": "minecraft:oak_leaves",
        "Properties": {
          "distance": "7",
          "persistent": "false",
          "waterlogged": "false"
        }
      }
    },
    "force_dirt": false,
    "ignore_vines": false,
    "minimum_size": {
      "type": "minecraft:two_layers_feature_size",
      "limit": 1,
      "lower_size": 0,
      "upper_size": 1
    },
    "trunk_placer": {
      "type": "minecraft:straight_trunk_placer",
      "base_height": 5,
      "height_rand_a": 3,
      "height_rand_b": 8
    },
    "trunk_provider": {
      "type": "minecraft:simple_state_provider",
      "state": {
        "Name": "minecraft:oak_log",
        "Properties": {
          "axis": "y"
        }
      }
    },
    "root_placer": {
      "trunk_offset_y": {
        "type": "minecraft:uniform",
        "value": {
          "max_inclusive": 3,
          "min_inclusive": 1
        }
      },
      "root_provider": {
          "type": "minecraft:simple_state_provider",
          "state":{
            "Name": "minecraft:mangrove_roots",
            "Properties": {
              "waterlogged": "false"
            }
          }
      },
      "above_root_placement": {
        "above_root_placement_chance": 0.25,
        "above_root_provider": {
            "type": "minecraft:simple_state_provider",
            "state": {
                "Name": "minecraft:moss_carpet"
            }
        }
      },
      "type": "minecraft:mangrove_root_placer",
      "mangrove_root_placement": {
        "max_root_width": 2,
        "max_root_length": 15,
        "random_skew_chance": 0.2,
        "can_grow_through": "#minecraft:mangrove_roots_can_grow_through",
        "muddy_roots_in": [
          "minecraft:mud",
          "minecraft:muddy_mangrove_roots"
        ],
        "muddy_roots_provider": {
            "type": "minecraft:simple_state_provider",
            "state": {
                "Name": "minecraft:muddy_mangrove_roots",
                "Properties": {
                  "axis": "y"
                }
            }
        }
      }
    }
  }
}