{
  "config": {
    "features": [
      {
        "feature": "minecraft:mega_spruce_checked",
        "chance": 0.33333334
      },
      {
        "feature": "minecraft:pine_checked",
        "chance": 0.33333334
      },
      {
        "chance": 0.05,
        "feature": "vanilla_plus:fallen_spruce"
      },
      {
        "chance": 0.05,
        "feature": "vanilla_plus:mossy_spruce"
      },
      {
        "chance": 0.05,
        "feature": "vanilla_plus:mossy_mega_spruce"
      },
      {
        "chance": 0.05,
        "feature": "vanilla_plus:mossy_mega_pine"
      }
    ],
    "default": "minecraft:spruce_checked"
  },
  "type": "minecraft:random_selector"
}
