{
  "type": "minecraft:simple_random_selector",
  "config": {
    "features": [
      {
        "feature": {
          "type": "minecraft:tree",
          "config": {
            "decorators": [
              {
                "type": "minecraft:attached_to_leaves",
                "directions": [
                  "down"
                ],
                "block_provider": {
                    "type": "minecraft:weighted_state_provider",
                    "entries": [
                      {
                        "weight": 8,
                        "data": {
                            "Name": "minecraft:warped_wart_block"
                        }
                      },
                      {
                        "weight": 1,
                        "data": {
                            "Name": "minecraft:shroomlight"
                        }
                      }
                    ]
                },
                "probability": 0.375,
                "exclusion_radius_y": 0,
                "exclusion_radius_xz": 0,
                "required_empty_blocks": 1
              },
              {
                "type": "minecraft:attached_to_leaves",
                "directions": [
                  "up"
                ],
                "block_provider": {
                    "type": "minecraft:simple_state_provider",
                    "state": {
                        "Name": "minecraft:torchflower"
                    }
                },
                "probability": 0.1,
                "exclusion_radius_y": 0,
                "exclusion_radius_xz": 1,
                "required_empty_blocks": 1
              },
              {
                "type": "minecraft:alter_ground",
                "provider": {
                    "type": "minecraft:weighted_state_provider",
                    "entries": [
                      {
                        "weight": 5,
                        "data": {
                            "Name": "minecraft:warped_nylium"
                        }
                      },
                      {
                        "data": {
                            "Name": "minecraft:warped_wart_block"
                        },
                        "weight": 1
                      }
                    ]
                }
              }
            ],
            "dirt_provider": {
              "type": "minecraft:simple_state_provider",
              "state": {
                "Name": "minecraft:warped_nylium"
              }
            },
            "foliage_placer": {
              "type": "minecraft:cherry_foliage_placer",
              "corner_hole_chance": 0.25,
              "hanging_leaves_chance": 0.5,
              "hanging_leaves_extension_chance": 0.33333334,
              "height": 8,
              "offset": 0,
              "radius": 6,
              "wide_bottom_layer_hole_chance": 0.25
            },
            "foliage_provider": {
              "type": "minecraft:weighted_state_provider",
              "entries": [
                  {
                      "weight": 15,
                      "data": {
                          "Name": "minecraft:warped_wart_block"
                      }
                  },
                  {
                      "weight": 1,
                      "data": {
                          "Name": "minecraft:shroomlight"
                      }
                  }
              ]
            },
            "force_dirt": false,
            "ignore_vines": true,
            "minimum_size": {
              "type": "minecraft:two_layers_feature_size",
              "limit": 1,
              "lower_size": 0,
              "upper_size": 2
            },
            "trunk_placer": {
              "type": "minecraft:cherry_trunk_placer",
              "base_height": 7,
              "branch_count": {
                "type": "minecraft:weighted_list",
                "distribution": [
                  {
                    "data": 1,
                    "weight": 1
                  },
                  {
                    "data": 2,
                    "weight": 1
                  },
                  {
                    "data": 3,
                    "weight": 1
                  }
                ]
              },
              "branch_end_offset_from_top": {
                "type": "minecraft:uniform",
                "value": {
                  "max_inclusive": 0,
                  "min_inclusive": -1
                }
              },
              "branch_horizontal_length": {
                "type": "minecraft:uniform",
                "value": {
                  "max_inclusive": 4,
                  "min_inclusive": 2
                }
              },
              "branch_start_offset_from_top": {
                "max_inclusive": -3,
                "min_inclusive": -4
              },
              "height_rand_a": 3,
              "height_rand_b": 5
            },
            "trunk_provider": {
              "type": "minecraft:simple_state_provider",
              "state": {
                "Name": "minecraft:warped_stem",
                "Properties": {
                  "axis": "y"
                }
              }
            },
            "root_placer": {
              "type": "minecraft:mangrove_root_placer",
              "root_provider": {
                  "type": "minecraft:simple_state_provider",
                  "state": {
                      "Name": "minecraft:warped_hyphae",
                      "Properties": {
                        "axis": "y"
                      }
                  }
              },
              "mangrove_root_placement": {
                "max_root_width": 3,
                "can_grow_through": [],
                "max_root_length": 15,
                "muddy_roots_in": [],
                "muddy_roots_provider": {
                    "type": "minecraft:simple_state_provider",
                    "state": {
                        "Name": "minecraft:warped_wart_block"
                    }
                },
                "random_skew_chance": 0.2
              },
              "trunk_offset_y": {
                "type": "minecraft:uniform",
                "value": {
                  "max_inclusive": 4,
                  "min_inclusive": 0
                }
              },
              "above_root_placement": {
                "above_root_provider": {
                    "type": "minecraft:simple_state_provider",
                    "state": {
                        "Name": "minecraft:nether_sprouts"
                    }
                },
                "above_root_placement_chance": 0.1
              }
            }
          }
        },
        "placement": [
          {
            "type": "minecraft:random_offset",
            "xz_spread": 0,
            "y_spread": 1
          },
          {
            "type": "minecraft:block_predicate_filter",
            "predicate": {
                "type": "minecraft:any_of",
                "predicates": [
                  {
                    "type": "minecraft:matching_blocks",
                    "blocks": ["minecraft:warped_nylium"],
                    "offset": [
                        0,
                        -2,
                        0
                    ]
                  }
                ]
            }
          }
        ]
      }
    ]
  }
}