{
    "type": "minecraft:entity",
    "pools": [
      {
        "rolls": 1,
        "bonus_rolls": 0,
        "entries": [
          {
            "type": "minecraft:loot_table",
            "value": "minecraft:entities/zombie_piglin"
          }
        ]
      },
      {
        "rolls": 1,
        "entries": [
          {
            "type": "minecraft:item",
            "name": "minecraft:golden_axe",
            "weight": 1,
            "functions": [
              {
                "function": "minecraft:set_components",
                "components": {
                  "minecraft:custom_model_data": 20210224,
                  "minecraft:enchantments": {
                    "levels": {
                      "minecraft:sharpness": 5,
                      "minecraft:knockback": 2,
                      "minecraft:fire_aspect": 2,
                      "minecraft:unbreaking": 3,
                      "minecraft:mending": 1
                    }
                  }
                }
              },
              {
                "function": "minecraft:set_attributes",
                "modifiers": [
                  {
                    "attribute": "minecraft:generic.attack_damage",
                    "name": "",
                    "amount": 7.5,
                    "operation": "add_value",
                    "id": "5403e85d-7d26-4ebc-993f-8597e186d61a",
                    "slot": "mainhand"
                  },
                  {
                    "attribute": "minecraft:generic.attack_speed",
                    "name": "",
                    "amount": 6,
                    "operation": "add_multiplied_total",
                    "id": "AF8B6E3F-3328-4C0A-AA36-5BA2BB9DBEF3",
                    "slot": "mainhand"
                  }
                ]
              },
              {
                "function": "minecraft:set_name",
                "entity": "this",
                "name": {
                  "text": "Fire Brand",
                  "color": "gold",
                  "italic": false
                }
              }
            ]
          },
          {
            "type": "minecraft:item",
            "name": "minecraft:netherite_boots",
            "weight": 1,
            "functions": [
              {
                "function": "minecraft:set_components",
                "components": {
                  "minecraft:enchantments": {
                    "levels": {
                      "minecraft:protection": 5,
                      "minecraft:fire_protection": 5,
                      "minecraft:feather_falling": 5,
                      "minecraft:blast_protection": 5,
                      "minecraft:projectile_protection": 5,
                      "minecraft:unbreaking": 3,
                      "minecraft:mending": 1,
                      "minecraft:soul_speed": 3
                    }
                  }
                }
              },
              {
                "function": "minecraft:set_attributes",
                "modifiers": [
                  {
                    "attribute": "minecraft:generic.movement_speed",
                    "name": "",
                    "amount": 0.35,
                    "operation": "add_multiplied_total",
                    "id": "ca0f0cbf-9f2b-434c-92bd-03c5c0aab1bf",
                    "slot": "feet"
                  },
                  {
                    "attribute": "minecraft:generic.armor",
                    "name": "",
                    "amount": 3,
                    "operation": "add_value",
                    "id": "b9ecbc8e-e6fb-41c9-8481-6948d4bb6ef2",
                    "slot": "feet"
                  },
                  {
                    "attribute": "minecraft:generic.armor_toughness",
                    "name": "",
                    "amount": 3,
                    "operation": "add_value",
                    "id": "7d13404b-45e4-4f39-b5da-86121b0e98e5",
                    "slot": "feet"
                  },
                  {
                    "attribute": "minecraft:generic.knockback_resistance",
                    "name": "",
                    "amount": 1,
                    "operation": "add_value",
                    "id": "48ce8afc-a9ee-447e-80a5-c69232c07fb7",
                    "slot": "feet"
                  }
                ]
              },
              {
                "function": "minecraft:set_name",
                "entity": "this",
                "name": {
                  "text": "Portal Guard's Boots",
                  "color": "gold",
                  "italic": false
                }
              }
            ]
          },
          {
            "type": "minecraft:item",
            "name": "minecraft:netherite_leggings",
            "weight": 1,
            "functions": [
              {
                "function": "minecraft:set_components",
                "components": {
                  "minecraft:enchantments": {
                    "levels": {
                      "minecraft:protection": 5,
                      "minecraft:fire_protection": 5,
                      "minecraft:feather_falling": 5,
                      "minecraft:blast_protection": 5,
                      "minecraft:projectile_protection": 5,
                      "minecraft:unbreaking": 3,
                      "minecraft:mending": 1
                    }
                  }
                }
              },
              {
                "function": "minecraft:set_name",
                "entity": "this",
                "name": {
                  "text": "Portal Guard's Leggings",
                  "color": "gold",
                  "italic": false
                }
              },
              {
                "function": "minecraft:set_attributes",
                "modifiers": [
                  {
                    "attribute": "minecraft:generic.armor",
                    "name": "",
                    "amount": 3,
                    "operation": "add_value",
                    "id": "e11113e7-513b-414e-9ada-f627a4af9a7e",
                    "slot": "legs"
                  },
                  {
                    "attribute": "minecraft:generic.armor_toughness",
                    "name": "",
                    "amount": 3,
                    "operation": "add_value",
                    "id": "351edbcd-a395-4b5b-a8ca-f93e47ef37fa",
                    "slot": "legs"
                  },
                  {
                    "attribute": "minecraft:generic.knockback_resistance",
                    "name": "",
                    "amount": 1,
                    "operation": "add_value",
                    "id": "782bde7c-8848-42f0-ae6f-dafea48e8aa4",
                    "slot": "legs"
                  }
                ]
              }
            ]
          },
          {
            "type": "minecraft:item",
            "name": "minecraft:netherite_chestplate",
            "weight": 1,
            "functions": [
              {
                "function": "minecraft:set_components",
                "components": {
                  "minecraft:enchantments": {
                    "levels": {
                      "minecraft:protection": 5,
                      "minecraft:fire_protection": 5,
                      "minecraft:feather_falling": 5,
                      "minecraft:blast_protection": 5,
                      "minecraft:projectile_protection": 5,
                      "minecraft:unbreaking": 3,
                      "minecraft:mending": 1
                    }
                  },
                  "minecraft:trim": {
                    "material": "minecraft:gold",
                    "pattern": "vanilla_plus:piglin_brute"
                  },
                  "minecraft:custom_data": {"vpid":"ruined_portal_guard_armor"}
                }
              },
              {
                "function": "minecraft:set_name",
                "entity": "this",
                "name": {
                  "text": "Portal Guard's Chestplate",
                  "color": "gold",
                  "italic": false
                }
              },
              {
                "function": "minecraft:set_attributes",
                "modifiers": [
                  {
                    "attribute": "minecraft:generic.armor",
                    "name": "",
                    "amount": 3,
                    "operation": "add_value",
                    "id": "af82fd84-95a4-460c-9e36-72eae1b5477b",
                    "slot": "chest"
                  },
                  {
                    "attribute": "minecraft:generic.armor_toughness",
                    "name": "",
                    "amount": 3,
                    "operation": "add_value",
                    "id": "e53637bb-9544-4350-9698-ec4f798152b2",
                    "slot": "chest"
                  },
                  {
                    "attribute": "minecraft:generic.knockback_resistance",
                    "name": "",
                    "amount": 1,
                    "operation": "add_value",
                    "id": "9c2f8101-d73f-4cac-bd5c-2df0632a3866",
                    "slot": "chest"
                  }
                ]
              }
            ]
          },
          {
            "type": "minecraft:item",
            "name": "minecraft:netherite_helmet",
            "functions": [
              {
                "function": "minecraft:set_components",
                "components": {
                  "minecraft:enchantments": {
                    "levels": {
                      "minecraft:protection": 5,
                      "minecraft:fire_protection": 5,
                      "minecraft:feather_falling": 5,
                      "minecraft:blast_protection": 5,
                      "minecraft:projectile_protection": 5,
                      "minecraft:unbreaking": 3,
                      "minecraft:mending": 1
                    }
                  }
                }
              },
              {
                "function": "minecraft:set_name",
                "entity": "this",
                "name": {
                  "text": "Portal Guard's Helmet",
                  "color": "gold",
                  "italic": false
                }
              },
              {
                "function": "minecraft:set_attributes",
                "modifiers": [
                  {
                    "attribute": "minecraft:generic.armor",
                    "name": "",
                    "amount": 3,
                    "operation": "add_value",
                    "id": "d9559c6f-c087-4947-a816-07d7821aba30",
                    "slot": "head"
                  },
                  {
                    "attribute": "minecraft:generic.armor_toughness",
                    "name": "",
                    "amount": 3,
                    "operation": "add_value",
                    "id": "52beeb6c-b19e-473c-81d8-87d5e0e5ec90",
                    "slot": "head"
                  },
                  {
                    "attribute": "minecraft:generic.knockback_resistance",
                    "name": "",
                    "amount": 1,
                    "operation": "add_value",
                    "id": "42b0500a-207b-4e66-a40e-bbdfde3e438e",
                    "slot": "head"
                  }
                ]
              }
            ]
          }
        ],
        "functions": [
          {
            "function": "minecraft:sequence",
            "functions": [
                {
                    "function": "minecraft:set_damage",
                    "damage": {
                        "type": "minecraft:uniform",
                        "min": 0.2,
                        "max": 0.55
                    },
                    "conditions": [
                        {
                            "condition": "minecraft:random_chance",
                            "chance": 0.2
                        }
                    ]
                },
                {
                    "function": "minecraft:set_damage",
                    "damage": {
                        "type": "minecraft:uniform",
                        "min": 0.05,
                        "max": 0.2
                    }
                }
            ]
          }
        ],
        "conditions": [
          {
            "condition": "minecraft:random_chance_with_looting",
            "chance": 0.1,
            "looting_multiplier": 0.01
          },
          {
            "condition": "minecraft:killed_by_player"
          }
        ]
      },
      {
        "rolls": 1,
        "bonus_rolls": 0,
        "entries": [
          {
            "type": "minecraft:item",
            "name": "minecraft:diamond",
            "weight": 3,
            "functions": [
              {
                "function": "minecraft:set_count",
                "count": {
                  "min": -2,
                  "max": 4
                }
              },
              {
                "function": "minecraft:looting_enchant",
                "count": {
                  "type": "minecraft:uniform",
                  "min": 0,
                  "max": 1
                }
              }
            ]
          },
          {
            "type": "minecraft:item",
            "name": "minecraft:gold_block",
            "weight": 8,
            "functions": [
              {
                "function": "minecraft:set_count",
                "count": {
                  "min": 1,
                  "max": 6
                }
              },
              {
                "function": "minecraft:looting_enchant",
                "count": {
                  "type": "minecraft:uniform",
                  "min": 0,
                  "max": 1
                }
              }
            ]
          },
          {
            "type": "minecraft:item",
            "name": "minecraft:crying_obsidian",
            "weight": 4,
            "functions": [
              {
                "function": "minecraft:set_count",
                "count": {
                  "min": 1,
                  "max": 2
                }
              },
              {
                "function": "minecraft:looting_enchant",
                "count": {
                  "type": "minecraft:uniform",
                  "min": 0,
                  "max": 1
                }
              }
            ]
          },
          {
            "type": "minecraft:item",
            "name": "minecraft:netherite_ingot",
            "weight": 1
          },
          {
            "type": "minecraft:item",
            "name": "minecraft:book",
            "weight": 2,
            "functions": [
              {
                "function": "minecraft:set_enchantments",
                "enchantments": {
                  "minecraft:soul_speed": {
                    "min": 1,
                    "max": 3
                  }
                }
              }
            ]
          }
        ]
      }
    ]
  }
  