{
    "type": "minecraft:entity",
    "pools": [
        {
            "rolls": 1.0,
            "bonus_rolls": 0,
            "entries": [
                {
                    "type": "minecraft:loot_table",
                    "value": "minecraft:entities/cow"
                }
            ]
        },
        {
            "bonus_rolls": 0,
            "rolls": 1,
            "entries": [
                {
                    "type": "minecraft:item",
                    "name": "minecraft:black_wool"
                }
            ]
        }
    ]
}