{
    "type": "minecraft:entity",
    "pools": [
      {
        "rolls": 1,
        "entries": [
          {
            "type": "minecraft:loot_table",
            "value": "minecraft:entities/wither_skeleton"
          }
        ]
      },
      {
        "rolls": 1,
        "entries": [
          {
            "type": "minecraft:item",
            "name": "minecraft:tipped_arrow",
            "functions": [
              {
                "function": "minecraft:set_components",
                "components": {
                  "minecraft:custom_name": "{\"text\":\"衰弱の矢\",\"italic\":false}",
                  "minecraft:potion_contents": {
                    "custom_effects": [
                      {
                        "id": "minecraft:wither",
                        "amplifier": 0,
                        "duration": 100
                      }
                    ]
                  }
                }
              },
              {
                "function": "minecraft:set_count",
                "count": {
                  "type": "minecraft:uniform",
                  "min": 0,
                  "max": 1
                }
              },
              {
                "function": "minecraft:looting_enchant",
                "count": {
                  "type": "minecraft:uniform",
                  "min": 0,
                  "max": 1
                }
              }
            ],
            "conditions": [
              {
                "condition": "minecraft:killed_by_player"
              }
            ]
          }
        ]
      }
    ]
  }  