{
    "feature": {
        "type": "minecraft:simple_block",
        "config": {
            "to_place": {
                "type": "minecraft:simple_state_provider",
                "state": {
                    "Name": "minecraft:air"
                }
            }
        }
    },
    "placement": [
        {
            "type": "minecraft:random_offset",
            "xz_spread": 0,
            "y_spread": -2
        },
        {
            "type": "minecraft:block_predicate_filter",
            "predicate": {
                "type": "minecraft:all_of",
                "predicates": [
                    {
                        "type": "minecraft:matching_blocks",
                        "offset": [
                            0,
                            0,
                            0
                        ],
                        "blocks": "minecraft:nether_brick_fence"
                    },
                    {
                        "type": "minecraft:matching_blocks",
                        "offset": [
                            0,
                            -1,
                            0
                        ],
                        "blocks": "minecraft:polished_blackstone_brick_wall"
                    }
                ]
            }
        }
    ]
}