{
  "type": "minecraft:jigsaw",
  "biomes": "#minecraft:has_structure/nether_fortress",
  "step": "surface_structures",
  "spawn_overrides": {
      "monster": {
          "bounding_box": "piece",
          "spawns": [
              {
                  "type": "minecraft:blaze",
                  "weight": 10,
                  "minCount": 2,
                  "maxCount": 3
              },
              {
                  "type": "minecraft:zombified_piglin",
                  "weight": 5,
                  "minCount": 4,
                  "maxCount": 4
              },
              {
                  "type": "minecraft:wither_skeleton",
                  "weight": 10,
                  "minCount": 5,
                  "maxCount": 5
              },
              {
                  "type": "minecraft:skeleton",
                  "weight": 2,
                  "minCount": 5,
                  "maxCount": 5
              },
              {
                  "type": "minecraft:magma_cube",
                  "weight": 3,
                  "minCount": 4,
                  "maxCount": 4
              }
          ]
      }
  },
  "terrain_adaptation": "none",
  "start_pool": "knf:normal/starts/lava_well_rooms",
  "size": 14,
  "start_height": {
      "type": "minecraft:weighted_list",
      "distribution": [
          {
              "weight": 1,
              "data": {
                  "type": "minecraft:trapezoid",
                  "min_inclusive": {
                      "absolute": 53
                  },
                  "max_inclusive": {
                      "absolute": 66
                  },
                  "plateau": 1
              }
          },
          {
              "weight": 1,
              "data": {
                  "type": "minecraft:very_biased_to_bottom",
                  "min_inclusive": {
                      "absolute": 67
                  },
                  "max_inclusive": {
                      "absolute": 74
                  },
                  "inner": 1
              }
          }
      ]
  },
  "start_jigsaw_name": "minecraft:fortress_start_point",
  "max_distance_from_center": 128,
  "use_expansion_hack": false,
  "pool_aliases": [
    {
        "type": "minecraft:random",
        "alias": "knf:normal/bridge_start_side",
        "targets": [
            {
                "data": "knf:normal/side_tower_1",
                "weight": 1
            },
            {
                "data": "knf:normal/side_tower_2",
                "weight": 1
            }
        ]
    }
  ]
}