{
    "processors": [
        {
            "processor_type": "minecraft:rule",
            "rules": [
                {
                    "location_predicate": {
                        "predicate_type": "minecraft:always_true"
                    },
                    "input_predicate": {
                        "predicate_type": "minecraft:random_block_match",
                        "block": "minecraft:magma_block",
                        "probability": 0.375
                    },
                    "output_state": {
                        "Name": "minecraft:lava",
                        "Properties": {
                            "level": "0"
                        }
                    }
                },
                {
                    "location_predicate": {
                        "predicate_type": "minecraft:always_true"
                    },
                    "input_predicate": {
                        "predicate_type": "minecraft:random_block_match",
                        "block": "minecraft:magma_block",
                        "probability": 0.375
                    },
                    "output_state": {
                        "Name": "minecraft:lava",
                        "Properties": {
                            "level": "0"
                        }
                    }
                },
                {
                    "location_predicate": {
                        "predicate_type": "minecraft:always_true"
                    },
                    "input_predicate": {
                        "predicate_type": "minecraft:random_block_match",
                        "probability": 0.375,
                        "block": "minecraft:nether_bricks"
                    },
                    "output_state": {
                        "Name": "minecraft:cracked_nether_bricks"
                    }
                },
                {
                    "input_predicate": {
                        "predicate_type": "minecraft:random_block_match",
                        "block": "minecraft:chiseled_nether_bricks",
                        "probability": 0.375
                    },
                    "location_predicate": {
                        "predicate_type": "minecraft:always_true"
                    },
                    "output_state": {
                        "Name": "minecraft:nether_bricks"
                    }
                },
                {
                    "input_predicate": {
                        "predicate_type": "minecraft:random_block_match",
                        "block": "minecraft:chiseled_nether_bricks",
                        "probability": 0.375
                    },
                    "location_predicate": {
                        "predicate_type": "minecraft:always_true"
                    },
                    "output_state": {
                        "Name": "minecraft:cracked_nether_bricks"
                    }
                }
            ]
        }
    ]
}