{
    "processors": [
        {
            "processor_type": "minecraft:rule",
            "rules": [
                {
                    "location_predicate": {
                        "predicate_type": "minecraft:always_true"
                    },
                    "input_predicate": {
                        "predicate_type": "minecraft:random_block_match",
                        "block": "minecraft:magma_block",
                        "probability": 0.375
                    },
                    "output_state": {
                        "Name": "minecraft:lava",
                        "Properties": {
                            "level": "0"
                        }
                    }
                },
                {
                    "location_predicate": {
                        "predicate_type": "minecraft:always_true"
                    },
                    "input_predicate": {
                        "predicate_type": "minecraft:random_block_match",
                        "block": "minecraft:magma_block",
                        "probability": 0.375
                    },
                    "output_state": {
                        "Name": "minecraft:lava",
                        "Properties": {
                            "level": "0"
                        }
                    }
                },
                {
                    "location_predicate": {
                        "predicate_type": "minecraft:always_true"
                    },
                    "input_predicate": {
                        "predicate_type": "minecraft:random_block_match",
                        "probability": 0.375,
                        "block": "minecraft:nether_bricks"
                    },
                    "output_state": {
                        "Name": "minecraft:cracked_nether_bricks"
                    }
                }
            ]
        },
        {
            "processor_type": "minecraft:rule",
            "rules": [
                {
                    "input_predicate": {
                        "predicate_type": "minecraft:random_block_match",
                        "block": "minecraft:nether_bricks",
                        "probability": 0.2
                    },
                    "location_predicate": {
                        "predicate_type": "minecraft:always_true"
                    },
                    "output_state": {
                        "Name": "minecraft:red_nether_bricks"
                    }
                },
                {
                    "input_predicate": {
                        "predicate_type": "minecraft:random_blockstate_match",
                        "block_state": {
                            "Name": "minecraft:nether_brick_stairs",
                            "Properties": {
                                "facing": "east",
                                "half": "bottom",
                                "shape": "straight",
                                "waterlogged": "false"
                            }
                        },
                        "probability": 0.2
                    },
                    "location_predicate": {
                        "predicate_type": "minecraft:always_true"
                    },
                    "output_state": {
                        "Name": "minecraft:red_nether_brick_stairs",
                        "Properties": {
                            "facing": "east",
                            "half": "bottom",
                            "shape": "straight",
                            "waterlogged": "false"
                        }
                    }
                },
                {
                    "input_predicate": {
                        "predicate_type": "minecraft:random_blockstate_match",
                        "block_state": {
                            "Name": "minecraft:nether_brick_stairs",
                            "Properties": {
                                "facing": "north",
                                "half": "bottom",
                                "shape": "straight",
                                "waterlogged": "false"
                            }
                        },
                        "probability": 0.2
                    },
                    "location_predicate": {
                        "predicate_type": "minecraft:always_true"
                    },
                    "output_state": {
                        "Name": "minecraft:red_nether_brick_stairs",
                        "Properties": {
                            "facing": "north",
                            "half": "bottom",
                            "shape": "straight",
                            "waterlogged": "false"
                        }
                    }
                },
                {
                    "input_predicate": {
                        "predicate_type": "minecraft:random_blockstate_match",
                        "block_state": {
                            "Name": "minecraft:nether_brick_stairs",
                            "Properties": {
                                "facing": "south",
                                "half": "bottom",
                                "shape": "straight",
                                "waterlogged": "false"
                            }
                        },
                        "probability": 0.2
                    },
                    "location_predicate": {
                        "predicate_type": "minecraft:always_true"
                    },
                    "output_state": {
                        "Name": "minecraft:red_nether_brick_stairs",
                        "Properties": {
                            "facing": "south",
                            "half": "bottom",
                            "shape": "straight",
                            "waterlogged": "false"
                        }
                    }
                },
                {
                    "input_predicate": {
                        "predicate_type": "minecraft:random_blockstate_match",
                        "block_state": {
                            "Name": "minecraft:nether_brick_stairs",
                            "Properties": {
                                "facing": "west",
                                "half": "bottom",
                                "shape": "straight",
                                "waterlogged": "false"
                            }
                        },
                        "probability": 0.2
                    },
                    "location_predicate": {
                        "predicate_type": "minecraft:always_true"
                    },
                    "output_state": {
                        "Name": "minecraft:red_nether_brick_stairs",
                        "Properties": {
                            "facing": "west",
                            "half": "bottom",
                            "shape": "straight",
                            "waterlogged": "false"
                        }
                    }
                },
                {
                    "input_predicate": {
                        "predicate_type": "minecraft:random_blockstate_match",
                        "block_state": {
                            "Name": "minecraft:nether_brick_stairs",
                            "Properties": {
                                "facing": "east",
                                "half": "bottom",
                                "shape": "outer_left",
                                "waterlogged": "false"
                            }
                        },
                        "probability": 0.2
                    },
                    "location_predicate": {
                        "predicate_type": "minecraft:always_true"
                    },
                    "output_state": {
                        "Name": "minecraft:red_nether_brick_stairs",
                        "Properties": {
                            "facing": "east",
                            "half": "bottom",
                            "shape": "outer_left",
                            "waterlogged": "false"
                        }
                    }
                },
                {
                    "input_predicate": {
                        "predicate_type": "minecraft:random_blockstate_match",
                        "block_state": {
                            "Name": "minecraft:nether_brick_stairs",
                            "Properties": {
                                "facing": "north",
                                "half": "bottom",
                                "shape": "outer_left",
                                "waterlogged": "false"
                            }
                        },
                        "probability": 0.2
                    },
                    "location_predicate": {
                        "predicate_type": "minecraft:always_true"
                    },
                    "output_state": {
                        "Name": "minecraft:red_nether_brick_stairs",
                        "Properties": {
                            "facing": "north",
                            "half": "bottom",
                            "shape": "outer_left",
                            "waterlogged": "false"
                        }
                    }
                },
                {
                    "input_predicate": {
                        "predicate_type": "minecraft:random_blockstate_match",
                        "block_state": {
                            "Name": "minecraft:nether_brick_stairs",
                            "Properties": {
                                "facing": "south",
                                "half": "bottom",
                                "shape": "outer_left",
                                "waterlogged": "false"
                            }
                        },
                        "probability": 0.2
                    },
                    "location_predicate": {
                        "predicate_type": "minecraft:always_true"
                    },
                    "output_state": {
                        "Name": "minecraft:red_nether_brick_stairs",
                        "Properties": {
                            "facing": "south",
                            "half": "bottom",
                            "shape": "outer_left",
                            "waterlogged": "false"
                        }
                    }
                },
                {
                    "input_predicate": {
                        "predicate_type": "minecraft:random_blockstate_match",
                        "block_state": {
                            "Name": "minecraft:nether_brick_stairs",
                            "Properties": {
                                "facing": "west",
                                "half": "bottom",
                                "shape": "outer_left",
                                "waterlogged": "false"
                            }
                        },
                        "probability": 0.2
                    },
                    "location_predicate": {
                        "predicate_type": "minecraft:always_true"
                    },
                    "output_state": {
                        "Name": "minecraft:red_nether_brick_stairs",
                        "Properties": {
                            "facing": "west",
                            "half": "bottom",
                            "shape": "outer_left",
                            "waterlogged": "false"
                        }
                    }
                },
                {
                    "input_predicate": {
                        "predicate_type": "minecraft:random_blockstate_match",
                        "block_state": {
                            "Name": "minecraft:nether_brick_stairs",
                            "Properties": {
                                "facing": "east",
                                "half": "bottom",
                                "shape": "outer_right",
                                "waterlogged": "false"
                            }
                        },
                        "probability": 0.2
                    },
                    "location_predicate": {
                        "predicate_type": "minecraft:always_true"
                    },
                    "output_state": {
                        "Name": "minecraft:red_nether_brick_stairs",
                        "Properties": {
                            "facing": "east",
                            "half": "bottom",
                            "shape": "outer_right",
                            "waterlogged": "false"
                        }
                    }
                },
                {
                    "input_predicate": {
                        "predicate_type": "minecraft:random_blockstate_match",
                        "block_state": {
                            "Name": "minecraft:nether_brick_stairs",
                            "Properties": {
                                "facing": "north",
                                "half": "bottom",
                                "shape": "outer_right",
                                "waterlogged": "false"
                            }
                        },
                        "probability": 0.2
                    },
                    "location_predicate": {
                        "predicate_type": "minecraft:always_true"
                    },
                    "output_state": {
                        "Name": "minecraft:red_nether_brick_stairs",
                        "Properties": {
                            "facing": "north",
                            "half": "bottom",
                            "shape": "outer_right",
                            "waterlogged": "false"
                        }
                    }
                },
                {
                    "input_predicate": {
                        "predicate_type": "minecraft:random_blockstate_match",
                        "block_state": {
                            "Name": "minecraft:nether_brick_stairs",
                            "Properties": {
                                "facing": "south",
                                "half": "bottom",
                                "shape": "outer_right",
                                "waterlogged": "false"
                            }
                        },
                        "probability": 0.2
                    },
                    "location_predicate": {
                        "predicate_type": "minecraft:always_true"
                    },
                    "output_state": {
                        "Name": "minecraft:red_nether_brick_stairs",
                        "Properties": {
                            "facing": "south",
                            "half": "bottom",
                            "shape": "outer_right",
                            "waterlogged": "false"
                        }
                    }
                },
                {
                    "input_predicate": {
                        "predicate_type": "minecraft:random_blockstate_match",
                        "block_state": {
                            "Name": "minecraft:nether_brick_stairs",
                            "Properties": {
                                "facing": "west",
                                "half": "bottom",
                                "shape": "outer_right",
                                "waterlogged": "false"
                            }
                        },
                        "probability": 0.2
                    },
                    "location_predicate": {
                        "predicate_type": "minecraft:always_true"
                    },
                    "output_state": {
                        "Name": "minecraft:red_nether_brick_stairs",
                        "Properties": {
                            "facing": "west",
                            "half": "bottom",
                            "shape": "outer_right",
                            "waterlogged": "false"
                        }
                    }
                },
                {
                    "input_predicate": {
                        "predicate_type": "minecraft:random_blockstate_match",
                        "block_state": {
                            "Name": "minecraft:nether_brick_stairs",
                            "Properties": {
                                "facing": "east",
                                "half": "top",
                                "shape": "straight",
                                "waterlogged": "false"
                            }
                        },
                        "probability": 0.2
                    },
                    "location_predicate": {
                        "predicate_type": "minecraft:always_true"
                    },
                    "output_state": {
                        "Name": "minecraft:red_nether_brick_stairs",
                        "Properties": {
                            "facing": "east",
                            "half": "top",
                            "shape": "straight",
                            "waterlogged": "false"
                        }
                    }
                },
                {
                    "input_predicate": {
                        "predicate_type": "minecraft:random_blockstate_match",
                        "block_state": {
                            "Name": "minecraft:nether_brick_stairs",
                            "Properties": {
                                "facing": "north",
                                "half": "top",
                                "shape": "straight",
                                "waterlogged": "false"
                            }
                        },
                        "probability": 0.2
                    },
                    "location_predicate": {
                        "predicate_type": "minecraft:always_true"
                    },
                    "output_state": {
                        "Name": "minecraft:red_nether_brick_stairs",
                        "Properties": {
                            "facing": "north",
                            "half": "top",
                            "shape": "straight",
                            "waterlogged": "false"
                        }
                    }
                },
                {
                    "input_predicate": {
                        "predicate_type": "minecraft:random_blockstate_match",
                        "block_state": {
                            "Name": "minecraft:nether_brick_stairs",
                            "Properties": {
                                "facing": "south",
                                "half": "top",
                                "shape": "straight",
                                "waterlogged": "false"
                            }
                        },
                        "probability": 0.2
                    },
                    "location_predicate": {
                        "predicate_type": "minecraft:always_true"
                    },
                    "output_state": {
                        "Name": "minecraft:red_nether_brick_stairs",
                        "Properties": {
                            "facing": "south",
                            "half": "top",
                            "shape": "straight",
                            "waterlogged": "false"
                        }
                    }
                },
                {
                    "input_predicate": {
                        "predicate_type": "minecraft:random_blockstate_match",
                        "block_state": {
                            "Name": "minecraft:nether_brick_stairs",
                            "Properties": {
                                "facing": "west",
                                "half": "top",
                                "shape": "straight",
                                "waterlogged": "false"
                            }
                        },
                        "probability": 0.2
                    },
                    "location_predicate": {
                        "predicate_type": "minecraft:always_true"
                    },
                    "output_state": {
                        "Name": "minecraft:red_nether_brick_stairs",
                        "Properties": {
                            "facing": "west",
                            "half": "top",
                            "shape": "straight",
                            "waterlogged": "false"
                        }
                    }
                },
                {
                    "input_predicate": {
                        "predicate_type": "minecraft:random_blockstate_match",
                        "block_state": {
                            "Name": "minecraft:nether_brick_stairs",
                            "Properties": {
                                "facing": "east",
                                "half": "top",
                                "shape": "outer_left",
                                "waterlogged": "false"
                            }
                        },
                        "probability": 0.2
                    },
                    "location_predicate": {
                        "predicate_type": "minecraft:always_true"
                    },
                    "output_state": {
                        "Name": "minecraft:red_nether_brick_stairs",
                        "Properties": {
                            "facing": "east",
                            "half": "top",
                            "shape": "outer_left",
                            "waterlogged": "false"
                        }
                    }
                },
                {
                    "input_predicate": {
                        "predicate_type": "minecraft:random_blockstate_match",
                        "block_state": {
                            "Name": "minecraft:nether_brick_stairs",
                            "Properties": {
                                "facing": "north",
                                "half": "top",
                                "shape": "outer_left",
                                "waterlogged": "false"
                            }
                        },
                        "probability": 0.2
                    },
                    "location_predicate": {
                        "predicate_type": "minecraft:always_true"
                    },
                    "output_state": {
                        "Name": "minecraft:red_nether_brick_stairs",
                        "Properties": {
                            "facing": "north",
                            "half": "top",
                            "shape": "outer_left",
                            "waterlogged": "false"
                        }
                    }
                },
                {
                    "input_predicate": {
                        "predicate_type": "minecraft:random_blockstate_match",
                        "block_state": {
                            "Name": "minecraft:nether_brick_stairs",
                            "Properties": {
                                "facing": "south",
                                "half": "top",
                                "shape": "outer_left",
                                "waterlogged": "false"
                            }
                        },
                        "probability": 0.2
                    },
                    "location_predicate": {
                        "predicate_type": "minecraft:always_true"
                    },
                    "output_state": {
                        "Name": "minecraft:red_nether_brick_stairs",
                        "Properties": {
                            "facing": "south",
                            "half": "top",
                            "shape": "outer_left",
                            "waterlogged": "false"
                        }
                    }
                },
                {
                    "input_predicate": {
                        "predicate_type": "minecraft:random_blockstate_match",
                        "block_state": {
                            "Name": "minecraft:nether_brick_stairs",
                            "Properties": {
                                "facing": "west",
                                "half": "top",
                                "shape": "outer_left",
                                "waterlogged": "false"
                            }
                        },
                        "probability": 0.2
                    },
                    "location_predicate": {
                        "predicate_type": "minecraft:always_true"
                    },
                    "output_state": {
                        "Name": "minecraft:red_nether_brick_stairs",
                        "Properties": {
                            "facing": "west",
                            "half": "top",
                            "shape": "outer_left",
                            "waterlogged": "false"
                        }
                    }
                },
                {
                    "input_predicate": {
                        "predicate_type": "minecraft:random_blockstate_match",
                        "block_state": {
                            "Name": "minecraft:nether_brick_stairs",
                            "Properties": {
                                "facing": "east",
                                "half": "top",
                                "shape": "outer_right",
                                "waterlogged": "false"
                            }
                        },
                        "probability": 0.2
                    },
                    "location_predicate": {
                        "predicate_type": "minecraft:always_true"
                    },
                    "output_state": {
                        "Name": "minecraft:red_nether_brick_stairs",
                        "Properties": {
                            "facing": "east",
                            "half": "top",
                            "shape": "outer_right",
                            "waterlogged": "false"
                        }
                    }
                },
                {
                    "input_predicate": {
                        "predicate_type": "minecraft:random_blockstate_match",
                        "block_state": {
                            "Name": "minecraft:nether_brick_stairs",
                            "Properties": {
                                "facing": "north",
                                "half": "top",
                                "shape": "outer_right",
                                "waterlogged": "false"
                            }
                        },
                        "probability": 0.2
                    },
                    "location_predicate": {
                        "predicate_type": "minecraft:always_true"
                    },
                    "output_state": {
                        "Name": "minecraft:red_nether_brick_stairs",
                        "Properties": {
                            "facing": "north",
                            "half": "top",
                            "shape": "outer_right",
                            "waterlogged": "false"
                        }
                    }
                },
                {
                    "input_predicate": {
                        "predicate_type": "minecraft:random_blockstate_match",
                        "block_state": {
                            "Name": "minecraft:nether_brick_stairs",
                            "Properties": {
                                "facing": "south",
                                "half": "top",
                                "shape": "outer_right",
                                "waterlogged": "false"
                            }
                        },
                        "probability": 0.2
                    },
                    "location_predicate": {
                        "predicate_type": "minecraft:always_true"
                    },
                    "output_state": {
                        "Name": "minecraft:red_nether_brick_stairs",
                        "Properties": {
                            "facing": "south",
                            "half": "top",
                            "shape": "outer_right",
                            "waterlogged": "false"
                        }
                    }
                },
                {
                    "input_predicate": {
                        "predicate_type": "minecraft:random_blockstate_match",
                        "block_state": {
                            "Name": "minecraft:nether_brick_stairs",
                            "Properties": {
                                "facing": "west",
                                "half": "top",
                                "shape": "outer_right",
                                "waterlogged": "false"
                            }
                        },
                        "probability": 0.2
                    },
                    "location_predicate": {
                        "predicate_type": "minecraft:always_true"
                    },
                    "output_state": {
                        "Name": "minecraft:red_nether_brick_stairs",
                        "Properties": {
                            "facing": "west",
                            "half": "top",
                            "shape": "outer_right",
                            "waterlogged": "false"
                        }
                    }
                }
            ]
        }
    ]
}