{
    "processors": [
        {
            "processor_type": "minecraft:rule",
            "rules": [
                {
                    "location_predicate": {
                        "predicate_type": "minecraft:always_true"
                    },
                    "input_predicate": {
                        "predicate_type": "minecraft:random_block_match",
                        "block": "minecraft:magma_block",
                        "probability": 0.375
                    },
                    "output_state": {
                        "Name": "minecraft:lava",
                        "Properties": {
                            "level": "0"
                        }
                    }
                },
                {
                    "location_predicate": {
                        "predicate_type": "minecraft:always_true"
                    },
                    "input_predicate": {
                        "predicate_type": "minecraft:random_block_match",
                        "probability": 0.1,
                        "block": "minecraft:nether_bricks"
                    },
                    "output_state": {
                        "Name": "minecraft:cracked_nether_bricks"
                    }
                },
                {
                    "location_predicate": {
                        "predicate_type": "minecraft:always_true"
                    },
                    "input_predicate": {
                        "predicate_type": "minecraft:blockstate_match",
                        "block_state": {
                            "Name": "minecraft:nether_brick_fence",
                            "Properties": {
                                "east": "true",
                                "north": "false",
                                "south": "false",
                                "waterlogged": "false",
                                "west": "false"
                            }
                        }
                    },
                    "output_state": {
                        "Name": "minecraft:nether_brick_fence",
                        "Properties": {
                            "north": "false",
                            "east": "true",
                            "west": "true",
                            "waterlogged": "false",
                            "south": "false"
                        }
                    }
                },
                {
                    "location_predicate": {
                        "predicate_type": "minecraft:always_true"
                    },
                    "input_predicate": {
                        "predicate_type": "minecraft:blockstate_match",
                        "block_state": {
                            "Name": "minecraft:nether_brick_fence",
                            "Properties": {
                                "west": "true",
                                "waterlogged": "false",
                                "south": "false",
                                "north": "false",
                                "east": "false"
                            }
                        }
                    },
                    "output_state": {
                        "Name": "minecraft:nether_brick_fence",
                        "Properties": {
                            "north": "false",
                            "east": "true",
                            "south": "false",
                            "waterlogged": "false",
                            "west": "true"
                        }
                    }
                },
                {
                    "location_predicate": {
                        "predicate_type": "minecraft:always_true"
                    },
                    "input_predicate": {
                        "predicate_type": "minecraft:blockstate_match",
                        "block_state": {
                            "Name": "minecraft:nether_brick_fence",
                            "Properties": {
                                "north": "true",
                                "east": "false",
                                "south": "false",
                                "waterlogged": "false",
                                "west": "false"
                            }
                        }
                    },
                    "output_state": {
                        "Name": "minecraft:nether_brick_fence",
                        "Properties": {
                            "north": "true",
                            "east": "false",
                            "south": "true",
                            "waterlogged": "false",
                            "west": "false"
                        }
                    }
                },
                {
                    "location_predicate": {
                        "predicate_type": "minecraft:always_true"
                    },
                    "input_predicate": {
                        "predicate_type": "minecraft:blockstate_match",
                        "block_state": {
                            "Name": "minecraft:nether_brick_fence",
                            "Properties": {
                                "south": "true",
                                "north": "false",
                                "east": "false",
                                "waterlogged": "false",
                                "west": "false"
                            }
                        }
                    },
                    "output_state": {
                        "Name": "minecraft:nether_brick_fence",
                        "Properties": {
                            "east": "false",
                            "north": "true",
                            "south": "true",
                            "waterlogged": "false",
                            "west": "false"
                        }
                    }
                },
                {
                    "location_predicate": {
                        "predicate_type": "minecraft:always_true"
                    },
                    "input_predicate": {
                        "predicate_type": "minecraft:blockstate_match",
                        "block_state": {
                            "Name": "minecraft:nether_brick_wall",
                            "Properties": {
                                "east": "tall",
                                "north": "none",
                                "south": "none",
                                "up": "true",
                                "waterlogged": "false",
                                "west": "none"
                            }
                        }
                    },
                    "output_state": {
                        "Name": "minecraft:nether_brick_wall",
                        "Properties": {
                            "east": "tall",
                            "west": "tall",
                            "waterlogged": "false",
                            "up": "false",
                            "south": "none",
                            "north": "none"
                        }
                    }
                },
                {
                    "location_predicate": {
                        "predicate_type": "minecraft:always_true"
                    },
                    "input_predicate": {
                        "predicate_type": "minecraft:blockstate_match",
                        "block_state": {
                            "Name": "minecraft:nether_brick_wall",
                            "Properties": {
                                "west": "tall",
                                "waterlogged": "false",
                                "up": "true",
                                "south": "none",
                                "north": "none",
                                "east": "none"
                            }
                        }
                    },
                    "output_state": {
                        "Name": "minecraft:nether_brick_wall",
                        "Properties": {
                            "east": "tall",
                            "west": "tall",
                            "waterlogged": "false",
                            "up": "false",
                            "south": "none",
                            "north": "none"
                        }
                    }
                },
                {
                    "location_predicate": {
                        "predicate_type": "minecraft:always_true"
                    },
                    "input_predicate": {
                        "predicate_type": "minecraft:blockstate_match",
                        "block_state": {
                            "Name": "minecraft:nether_brick_wall",
                            "Properties": {
                                "east": "none",
                                "north": "tall",
                                "south": "none",
                                "up": "true",
                                "waterlogged": "false",
                                "west": "none"
                            }
                        }
                    },
                    "output_state": {
                        "Name": "minecraft:nether_brick_wall",
                        "Properties": {
                            "east": "none",
                            "north": "tall",
                            "south": "tall",
                            "up": "false",
                            "waterlogged": "false",
                            "west": "none"
                        }
                    }
                },
                {
                    "location_predicate": {
                        "predicate_type": "minecraft:always_true"
                    },
                    "input_predicate": {
                        "predicate_type": "minecraft:blockstate_match",
                        "block_state": {
                            "Name": "minecraft:nether_brick_wall",
                            "Properties": {
                                "south": "tall",
                                "north": "none",
                                "east": "none",
                                "up": "true",
                                "waterlogged": "false",
                                "west": "none"
                            }
                        }
                    },
                    "output_state": {
                        "Name": "minecraft:nether_brick_wall",
                        "Properties": {
                            "south": "tall",
                            "north": "tall",
                            "east": "none",
                            "up": "false",
                            "waterlogged": "false",
                            "west": "tall"
                        }
                    }
                },
                {
                    "position_predicate": {
                        "predicate_type": "minecraft:axis_aligned_linear_pos",
                        "axis": "x",
                        "min_dist": 0,
                        "max_dist": 200,
                        "min_chance": 0.0,
                        "max_chance": 0.05
                    },
                    "location_predicate": {
                        "predicate_type": "minecraft:always_true"
                    },
                    "input_predicate": {
                        "predicate_type": "minecraft:always_true"
                    },
                    "output_state": {
                        "Name": "minecraft:air"
                    }
                },
                {
                    "position_predicate": {
                        "predicate_type": "minecraft:axis_aligned_linear_pos",
                        "axis": "z",
                        "min_dist": 0,
                        "max_dist": 200,
                        "min_chance": 0.0,
                        "max_chance": 0.05
                    },
                    "location_predicate": {
                        "predicate_type": "minecraft:always_true"
                    },
                    "input_predicate": {
                        "predicate_type": "minecraft:always_true"
                    },
                    "output_state": {
                        "Name": "minecraft:air"
                    }
                }
            ]
        }
    ]
}