{
    "processors": [
        {
            "processor_type": "minecraft:block_rot",
            "integrity": 0.75,
            "rottable_blocks": "minecraft:magma_block"
        },
        {
            "processor_type": "minecraft:rule",
            "rules": [
                {
                    "location_predicate": {
                        "predicate_type": "minecraft:always_true"
                    },
                    "input_predicate": {
                        "predicate_type": "minecraft:random_block_match",
                        "block": "minecraft:magma_block",
                        "probability": 0.375
                    },
                    "output_state": {
                        "Name": "minecraft:lava",
                        "Properties": {
                            "level": "0"
                        }
                    }
                }
            ]
        }
    ]
}