{
    "criteria": {
        "usedBow": {
            "trigger": "minecraft:tick",
            "conditions": {
                "player": [
                    {
                        "condition": "minecraft:entity_scores",
                        "entity": "this",
                        "scores": {
                            "usedWitherSnake": {
                                "min": 1,
                                "max": 65535
                            }
                        }
                    },
                    {
                        "condition": "minecraft:any_of",
                        "terms": [
                            {
                                "condition": "entity_properties",
                                "entity": "this",
                                "predicate": {
                                    "equipment": {
                                        "mainhand": {
                                            "item": "minecraft:bow",
                                            "nbt": "{CustomModelData:20210224}"
                                        }
                                    }
                                }
                            },
                            {
                                "condition": "entity_properties",
                                "entity": "this",
                                "predicate": {
                                    "equipment": {
                                        "offhand": {
                                            "item": "bow",
                                            "nbt": "{CustomModelData:20210224}"
                                        }
                                    }
                                }
                            }
                        ]
                    }
                ]
            }
        }
    },
    "rewards": {
        "function": "vanilla_plus:items/used_wither_snake"
    }
}
