{
    "pools": [
        {
            "conditions": [
                {
                    "condition": "killed_by_player"
                },
                {
                    "condition": "random_chance_with_looting",
                    "chance": 0.05,
                    "looting_multiplier": 0.01
                }
            ],
            "rolls": 1,
            "entries": [
                {
                    "type": "item",
                    "name": "minecraft:gold_ingot",
                    "weight": 1
                }
            ]
        },
        {
            "rolls": 1,
            "entries": [
                {
                    "type": "loot_table",
                    "weight": 1,
                    "name": "minecraft:entities/zombie_base"
                },
                {
                    "type": "item",
                    "weight": 1,
                    "name": "minecraft:trident",
                    "conditions": [
                        {
                            "condition": "killed_by_player"
                        },
                        {
                            "condition": "random_chance_with_looting",
                            "chance": 0.25,
                            "looting_multiplier": 0.01
                        }
                    ],
                    "functions": [
                        {
                            "function": "looting_enchant",
                            "count": {
                                "min": 0,
                                "max": 1
                            }
                        },
                        {
                            "function": "set_count",
                            "count": {
                                "min": 0,
                                "max": 1
                            }
                        },
                        {
                            "function": "set_damage",
                            "damage": {
                                "min": 0.004,
                                "max": 1
                            }
                        },
                        {
                            "function": "minecraft:copy_nbt",
                            "ops": [
                                {
                                    "op": "append",
                                    "source": "HandItems[].tag.Enchantments[]",
                                    "target": "Enchantments[]"
                                }
                            ],
                            "source": "this"
                        }
                    ]
                }
            ]
        },
        {
            "rolls": 1,
            "entries": [
                {
                    "type": "item",
                    "name": "minecraft:kelp",
                    "weight": 1,
                    "functions": [
                        {
                            "function": "set_count",
                            "count": {
                                "min": -10,
                                "max": 1
                            }
                        },
                        {
                            "function": "looting_enchant",
                            "count": {
                                "min": 0,
                                "max": 1
                            }
                        }
                    ]
                }
            ]
        },
        {
            "rolls": 1,
            "entries": [
                {
                    "type": "item",
                    "name": "minecraft:seagrass",
                    "weight": 1,
                    "functions": [
                        {
                            "function": "set_count",
                            "count": {
                                "min": 0,
                                "max": 2
                            }
                        },
                        {
                            "function": "looting_enchant",
                            "count": {
                                "min": 0,
                                "max": 1
                            }
                        }
                    ]
                }
            ]
        },
        {
            "rolls": 1,
            "entries": [
                {
                    "type": "item",
                    "name": "minecraft:sea_pickle",
                    "weight": 1,
                    "functions": [
                        {
                            "function": "set_count",
                            "count": {
                                "min": 0,
                                "max": 1
                            }
                        },
                        {
                            "function": "looting_enchant",
                            "count": {
                                "min": 0,
                                "max": 1
                            }
                        }
                    ],
                    "conditions": [
                        {
                            "condition": "random_chance_with_looting",
                            "chance": 0.35,
                            "looting_multiplier": 0.05
                        }
                    ]
                }
            ]
        },
        {
            "rolls": 1,
            "entries": [
                {
                    "type": "item",
                    "name": "minecraft:nautilus_shell",
                    "weight": 1,
                    "functions": [
                        {
                            "function": "set_count",
                            "count": {
                                "min": 0,
                                "max": 1
                            }
                        }
                    ]
                }
            ]
        },
        {
            "conditions": [
                {
                    "condition": "killed_by_player"
                },
                {
                    "condition": "random_chance_with_looting",
                    "chance": 0.025,
                    "looting_multiplier": 0.01
                }
            ],
            "rolls": 1,
            "entries": [
                {
                    "type": "item",
                    "name": "minecraft:player_head",
                    "functions": [
                        {
                            "function": "minecraft:set_nbt",
                            "tag": "{display:{Name:'{\"text\":\"Drowned Head\"}'},SkullOwner:{Id:[I;790009440,1639859901,-1397417282,-100772047],Properties:{textures:[{Value:\"eyJ0ZXh0dXJlcyI6eyJTS0lOIjp7InVybCI6Imh0dHA6Ly90ZXh0dXJlcy5taW5lY3JhZnQubmV0L3RleHR1cmUvYzNmN2NjZjYxZGJjM2Y5ZmU5YTYzMzNjZGUwYzBlMTQzOTllYjJlZWE3MWQzNGNmMjIzYjNhY2UyMjA1MSJ9fX0=\"}]}}}"
                        }
                    ],
                    "weight": 1
                }
            ]
        }
    ]
}
