{
    "type": "minecraft:entity",
    "pools": [
        {
            "rolls": 1,
            "bonus_rolls": 0,
            "entries": [
                {
                    "type": "minecraft:item",
                    "functions": [
                        {
                            "function": "minecraft:set_count",
                            "count": {
                                "type": "minecraft:uniform",
                                "min": 0,
                                "max": 1
                            },
                            "add": false
                        },
                        {
                            "function": "minecraft:looting_enchant",
                            "count": {
                                "type": "minecraft:uniform",
                                "min": 0,
                                "max": 1
                            }
                        }
                    ],
                    "name": "minecraft:ender_pearl"
                }
            ]
        },
        {
            "rolls": 1,
            "entries": [
                {
                    "type": "minecraft:item",
                    "name": "minecraft:ender_eye",
                    "functions": [
                        {
                            "function": "minecraft:set_count",
                            "count": {
                                "min": 0,
                                "max": 2,
                                "type": "minecraft:uniform"
                            },
                            "add": false
                        },
                        {
                            "function": "minecraft:looting_enchant",
                            "count": {
                                "min": 0,
                                "max": 1,
                                "type": "minecraft:uniform"
                            }
                        },
                        {
                            "function": "minecraft:limit_count",
                            "limit": {
                                "min": 0,
                                "max": 2,
                                "type": "minecraft:uniform"
                            }
                        }
                    ],
                    "conditions": [
                        {
                            "condition": "minecraft:killed_by_player"
                        },
                        {
                            "condition": "minecraft:random_chance_with_looting",
                            "chance": 0.1,
                            "looting_multiplier": 0.1
                        }
                    ]
                }
            ]
        }
    ]
}
