{
  "type": "minecraft:entity",
  "pools": [
    {
      "rolls": 1,
      "bonus_rolls": 0,
      "entries": [
        {
          "type": "minecraft:item",
          "functions": [
            {
              "function": "minecraft:set_count",
              "count": {
                "type": "minecraft:uniform",
                "min": 0,
                "max": 2
              },
              "add": false
            },
            {
              "function": "minecraft:looting_enchant",
              "count": {
                "type": "minecraft:uniform",
                "min": 0,
                "max": 1
              }
            }
          ],
          "name": "minecraft:magma_cream"
        }
      ]
    },
    {
      "rolls": 1,
      "bonus_rolls": 1,
      "entries": [
        {
          "type": "minecraft:item",
          "conditions": [
            {
              "condition": "minecraft:damage_source_properties",
              "predicate": {
                "source_entity": {
                  "type": "minecraft:frog",
                  "type_specific": {
                    "type": "frog",
                    "variant": "minecraft:warm"
                  }
                }
              }
            }
          ],
          "functions": [
            {
              "add": false,
              "count": 1.0,
              "function": "minecraft:set_count"
            }
          ],
          "name": "minecraft:pearlescent_froglight"
        },
        {
          "type": "minecraft:item",
          "conditions": [
            {
              "condition": "minecraft:damage_source_properties",
              "predicate": {
                "source_entity": {
                  "type": "minecraft:frog",
                  "type_specific": {
                    "type": "frog",
                    "variant": "minecraft:cold"
                  }
                }
              }
            }
          ],
          "functions": [
            {
              "add": false,
              "count": 1.0,
              "function": "minecraft:set_count"
            }
          ],
          "name": "minecraft:verdant_froglight"
        },
        {
          "type": "minecraft:item",
          "conditions": [
            {
              "condition": "minecraft:damage_source_properties",
              "predicate": {
                "source_entity": {
                  "type": "minecraft:frog",
                  "type_specific": {
                    "type": "frog",
                    "variant": "minecraft:temperate"
                  }
                }
              }
            }
          ],
          "functions": [
            {
              "add": false,
              "count": 1.0,
              "function": "minecraft:set_count"
            }
          ],
          "name": "minecraft:ochre_froglight"
        }
      ]
    },
    {
      "rolls": 1,
      "entries": [
        {
          "type": "minecraft:alternatives",
          "conditions": [
            {
              "condition": "minecraft:inverted",
              "term": {
                  "condition": "minecraft:damage_source_properties",
                  "predicate": {
                    "source_entity": {
                      "type": "minecraft:frog"
                    }
                  }
              }
            }
          ],
          "children": [
            {
              "type": "item",
              "name": "structure_void",
              "functions": [
                {
                  "function": "set_nbt",
                  "tag": "{CustomModelData:9999,Living:0b,Size:\"large\",Type:\"magma\"}"
                }
              ],
              "conditions": [
                {
                  "condition": "minecraft:entity_properties",
                  "entity": "this",
                  "predicate": {
                    "type_specific": {
                      "type": "slime",
                      "size": {
                        "min": 4
                      }
                    }
                  }
                }
              ]
            },
            {
              "type": "item",
              "name": "structure_void",
              "functions": [
                {
                  "function": "set_nbt",
                  "tag": "{CustomModelData:9999,Living:0b,Size:\"medium\",Type:\"magma\"}"
                }
              ],
              "conditions": [
                {
                  "condition": "minecraft:entity_properties",
                  "entity": "this",
                  "predicate": {
                    "type_specific": {
                      "type": "slime",
                      "size": 2
                    }
                  }
                }
              ]
            },
            {
              "type": "item",
              "name": "structure_void",
              "functions": [
                {
                  "function": "set_nbt",
                  "tag": "{CustomModelData:9999,Living:0b,Size:\"small\",Type:\"magma\"}"
                }
              ],
              "conditions": [
                {
                  "condition": "minecraft:entity_properties",
                  "entity": "this",
                  "predicate": {
                    "type_specific": {
                      "type": "slime",
                      "size": 1
                    }
                  }
                }
              ]
            }
          ]
        }
      ]
    }
  ]
}
