{
    "type": "minecraft:entity",
    "pools": [
        {
            "rolls": 1,
            "bonus_rolls": 0,
            "entries": [
                {
                    "type": "minecraft:item",
                    "functions": [
                        {
                            "function": "minecraft:set_count",
                            "count": {
                                "type": "minecraft:uniform",
                                "min": 2,
                                "max": 4
                            },
                            "add": false
                        },
                        {
                            "function": "minecraft:looting_enchant",
                            "count": {
                                "type": "minecraft:uniform",
                                "min": 0,
                                "max": 1
                            }
                        }
                    ],
                    "name": "minecraft:slime_ball"
                }
            ]
        },
        {
            "rolls": 1,
            "entries": [
                {
                    "type": "alternatives",
                    "children": [
                        {
                            "type": "minecraft:item",
                            "name": "minecraft:structure_void",
                            "functions": [
                                {
                                    "function": "minecraft:set_nbt",
                                    "tag": "{CustomModelData:9999,Living:0b,Small:0b,Type:\"slime\"}"
                                }
                            ],
                            "conditions": [
                                {
                                    "condition": "entity_properties",
                                    "entity": "this",
                                    "predicate": {
                                        "nbt": "{Size:1}"
                                    }
                                }
                            ]
                        },
                        {
                            "type": "item",
                            "name": "structure_void",
                            "functions": [
                                {
                                    "function": "set_nbt",
                                    "tag": "{CustomModelData:9999,Living:0b,Small:2b,Type:\"slime\"}"
                                }
                            ]
                        }
                    ]
                }
            ]
        }
    ]
}
