{
  "type": "minecraft:entity",
  "pools": [
    {
      "rolls": 1,
      "entries": [
        {
          "type": "alternatives",
          "children": [
            {
              "type": "item",
              "name": "netherite_ingot",
              "weight": 5,
              "conditions": [
                {
                  "condition": "random_chance_with_looting",
                  "chance": 0.05,
                  "looting_multiplier": 0.15
                }
              ],
              "functions": [
                {
                  "function": "set_count",
                  "count": {
                    "min": 0,
                    "max": 1
                  }
                }
              ]
            },
            {
              "type": "item",
              "name": "quartz",
              "conditions": [
                {
                  "condition": "random_chance_with_looting",
                  "chance": 0.2,
                  "looting_multiplier": 0.05
                }
              ]
            },
            {
              "type": "item",
              "name": "gold_block",
              "functions": [
                {
                  "function": "set_count",
                  "count": {
                    "min": 0,
                    "max": 1
                  }
                }
              ],
              "conditions": [
                {
                  "condition": "random_chance_with_looting",
                  "chance": 0.5,
                  "looting_multiplier": 0.025
                }
              ]
            }
          ]
        }
      ]
    }
  ]
}
