{
  "type": "minecraft:entity",
  "pools": [
    {
      "rolls": 1,
      "entries": [
        {
          "type": "minecraft:item",
          "functions": [
            {
              "function": "minecraft:set_count",
              "count": {
                "min": 0,
                "max": 2,
                "type": "minecraft:uniform"
              }
            },
            {
              "function": "minecraft:looting_enchant",
              "count": {
                "min": 0,
                "max": 3
              }
            },
            {
              "function": "minecraft:limit_count",
              "limit": {
                "max": 5,
                "min": 1,
                "type": "minecraft:uniform"
              }
            }
          ],
          "name": "minecraft:arrow"
        },
        {
          "type": "minecraft:item",
          "name": "minecraft:emerald",
          "functions": [
            {
              "function": "minecraft:set_count",
              "count": {
                "min": 0,
                "max": 1,
                "type": "minecraft:uniform"
              }
            }
          ]
        },
        {
          "type": "minecraft:item",
          "name": "minecraft:crossbow",
          "functions": [
            {
              "function": "minecraft:set_count",
              "count": {
                "min": 0,
                "max": 1,
                "type": "minecraft:uniform"
              }
            },
            {
              "function": "looting_enchant",
              "count": {
                "min": 0,
                "max": 1
              }
            },
            {
              "function": "minecraft:limit_count",
              "limit": {
                "max": 1,
                "min": 0,
                "type": "minecraft:uniform"
              }
            },
            {
              "function": "copy_nbt",
              "source": "this",
              "ops": [
                {
                  "source": "HandItems[0].tag.Damage",
                  "target": "Damage",
                  "op": "replace"
                },
                {
                  "source": "HandItems[0].tag.Enchantments[]",
                  "target": "Enchantments[]",
                  "op": "replace"
                }
              ]
            }
          ],
          "conditions": [
            {
              "condition": "random_chance_with_looting",
              "chance": 0.085,
              "looting_multiplier": 0.03
            },
            {
              "condition": "minecraft:killed_by_player"
            }
          ]
        }
      ]
    }
  ]
}
