{
  "type": "minecraft:entity",
  "pools": [
    {
      "rolls": 1,
      "entries": [
        {
          "type": "minecraft:item",
          "name": "minecraft:shulker_shell"
        },
        {
          "type": "minecraft:item",
          "name": "minecraft:shulker_shell",
          "functions": [
            {
              "function": "set_nbt",
              "tag": "{CustomModelData:17}"
            }
          ]
        }
      ],
      "conditions": [
        {
          "condition": "minecraft:random_chance_with_looting",
          "chance": 0.5,
          "looting_multiplier": 0.0625
        }
      ]
    },
    {
      "rolls": 1,
      "entries": [
        {
          "type": "alternatives",
          "children": [
            {
              "type": "item",
              "name": "structure_void",
              "functions": [
                {
                  "function": "set_nbt",
                  "tag": "{CustomModelData:9999,Living:0b,Type:\"shulker\",Color:0}"
                }
              ],
              "conditions": [
                {
                  "condition": "entity_properties",
                  "entity": "this",
                  "predicate": {
                    "nbt": "{Color:0b}"
                  }
                }
              ]
            },
            {
              "type": "item",
              "name": "structure_void",
              "functions": [
                {
                  "function": "set_nbt",
                  "tag": "{CustomModelData:9999,Living:0b,Type:\"shulker\",Color:1}"
                }
              ],
              "conditions": [
                {
                  "condition": "entity_properties",
                  "entity": "this",
                  "predicate": {
                    "nbt": "{Color:1b}"
                  }
                }
              ]
            },
            {
              "type": "item",
              "name": "structure_void",
              "functions": [
                {
                  "function": "set_nbt",
                  "tag": "{CustomModelData:9999,Living:0b,Type:\"shulker\",Color:2}"
                }
              ],
              "conditions": [
                {
                  "condition": "entity_properties",
                  "entity": "this",
                  "predicate": {
                    "nbt": "{Color:2b}"
                  }
                }
              ]
            },
            {
              "type": "item",
              "name": "structure_void",
              "functions": [
                {
                  "function": "set_nbt",
                  "tag": "{CustomModelData:9999,Living:0b,Type:\"shulker\",Color:3}"
                }
              ],
              "conditions": [
                {
                  "condition": "entity_properties",
                  "entity": "this",
                  "predicate": {
                    "nbt": "{Color:3b}"
                  }
                }
              ]
            },
            {
              "type": "item",
              "name": "structure_void",
              "functions": [
                {
                  "function": "set_nbt",
                  "tag": "{CustomModelData:9999,Living:0b,Type:\"shulker\",Color:4}"
                }
              ],
              "conditions": [
                {
                  "condition": "entity_properties",
                  "entity": "this",
                  "predicate": {
                    "nbt": "{Color:4b}"
                  }
                }
              ]
            },
            {
              "type": "item",
              "name": "structure_void",
              "functions": [
                {
                  "function": "set_nbt",
                  "tag": "{CustomModelData:9999,Living:0b,Type:\"shulker\",Color:5}"
                }
              ],
              "conditions": [
                {
                  "condition": "entity_properties",
                  "entity": "this",
                  "predicate": {
                    "nbt": "{Color:5b}"
                  }
                }
              ]
            },
            {
              "type": "item",
              "name": "structure_void",
              "functions": [
                {
                  "function": "set_nbt",
                  "tag": "{CustomModelData:9999,Living:0b,Type:\"shulker\",Color:6}"
                }
              ],
              "conditions": [
                {
                  "condition": "entity_properties",
                  "entity": "this",
                  "predicate": {
                    "nbt": "{Color:6b}"
                  }
                }
              ]
            },
            {
              "type": "item",
              "name": "structure_void",
              "functions": [
                {
                  "function": "set_nbt",
                  "tag": "{CustomModelData:9999,Living:0b,Type:\"shulker\",Color:7}"
                }
              ],
              "conditions": [
                {
                  "condition": "entity_properties",
                  "entity": "this",
                  "predicate": {
                    "nbt": "{Color:7b}"
                  }
                }
              ]
            },
            {
              "type": "item",
              "name": "structure_void",
              "functions": [
                {
                  "function": "set_nbt",
                  "tag": "{CustomModelData:9999,Living:0b,Type:\"shulker\",Color:8}"
                }
              ],
              "conditions": [
                {
                  "condition": "entity_properties",
                  "entity": "this",
                  "predicate": {
                    "nbt": "{Color:8b}"
                  }
                }
              ]
            },
            {
              "type": "item",
              "name": "structure_void",
              "functions": [
                {
                  "function": "set_nbt",
                  "tag": "{CustomModelData:9999,Living:0b,Type:\"shulker\",Color:9}"
                }
              ],
              "conditions": [
                {
                  "condition": "entity_properties",
                  "entity": "this",
                  "predicate": {
                    "nbt": "{Color:9b}"
                  }
                }
              ]
            },
            {
              "type": "item",
              "name": "structure_void",
              "functions": [
                {
                  "function": "set_nbt",
                  "tag": "{CustomModelData:9999,Living:0b,Type:\"shulker\",Color:10}"
                }
              ],
              "conditions": [
                {
                  "condition": "entity_properties",
                  "entity": "this",
                  "predicate": {
                    "nbt": "{Color:10b}"
                  }
                }
              ]
            },
            {
              "type": "item",
              "name": "structure_void",
              "functions": [
                {
                  "function": "set_nbt",
                  "tag": "{CustomModelData:9999,Living:0b,Type:\"shulker\",Color:11}"
                }
              ],
              "conditions": [
                {
                  "condition": "entity_properties",
                  "entity": "this",
                  "predicate": {
                    "nbt": "{Color:11b}"
                  }
                }
              ]
            },
            {
              "type": "item",
              "name": "structure_void",
              "functions": [
                {
                  "function": "set_nbt",
                  "tag": "{CustomModelData:9999,Living:0b,Type:\"shulker\",Color:12}"
                }
              ],
              "conditions": [
                {
                  "condition": "entity_properties",
                  "entity": "this",
                  "predicate": {
                    "nbt": "{Color:12b}"
                  }
                }
              ]
            },
            {
              "type": "item",
              "name": "structure_void",
              "functions": [
                {
                  "function": "set_nbt",
                  "tag": "{CustomModelData:9999,Living:0b,Type:\"shulker\",Color:13}"
                }
              ],
              "conditions": [
                {
                  "condition": "entity_properties",
                  "entity": "this",
                  "predicate": {
                    "nbt": "{Color:13b}"
                  }
                }
              ]
            },
            {
              "type": "item",
              "name": "structure_void",
              "functions": [
                {
                  "function": "set_nbt",
                  "tag": "{CustomModelData:9999,Living:0b,Type:\"shulker\",Color:14}"
                }
              ],
              "conditions": [
                {
                  "condition": "entity_properties",
                  "entity": "this",
                  "predicate": {
                    "nbt": "{Color:14b}"
                  }
                }
              ]
            },
            {
              "type": "item",
              "name": "structure_void",
              "functions": [
                {
                  "function": "set_nbt",
                  "tag": "{CustomModelData:9999,Living:0b,Type:\"shulker\",Color:15}"
                }
              ],
              "conditions": [
                {
                  "condition": "entity_properties",
                  "entity": "this",
                  "predicate": {
                    "nbt": "{Color:15b}"
                  }
                }
              ]
            },
            {
              "type": "item",
              "name": "structure_void",
              "functions": [
                {
                  "function": "set_nbt",
                  "tag": "{CustomModelData:9999,Living:0b,Type:\"shulker\",Color:16}"
                }
              ],
              "conditions": [
                {
                  "condition": "entity_properties",
                  "entity": "this",
                  "predicate": {
                    "nbt": "{Color:16b}"
                  }
                }
              ]
            }
          ]
        }
      ]
    },
    {
      "rolls": 1,
      "entries": [
        {
          "type": "item",
          "name": "player_head",
          "functions": [
            {
              "function": "set_nbt",
              "tag": "{display:{Name:'{\"text\":\"Shulker Face\"}'},SkullOwner:{Id:[I;-517402183,466505379,-1134553285,-33974691],Properties:{textures:[{Value:\"eyJ0ZXh0dXJlcyI6eyJTS0lOIjp7InVybCI6Imh0dHA6Ly90ZXh0dXJlcy5taW5lY3JhZnQubmV0L3RleHR1cmUvNWIwZTk3NGE2ZGRjMzliMmFiNzhmNjg2YzAxY2JhN2U5ODczNDgzNGIwZDk0ZWRkZjQyOGIwNzBmNzEyYTAifX19\"}]}}}"
            }
          ]
        }
      ]
    }
  ]
}
