{
  "type": "minecraft:entity",
  "pools": [
    {
      "rolls": 1,
      "entries": [
        {
          "type": "minecraft:item",
          "functions": [
            {
              "function": "minecraft:set_count",
              "count": 1
            },
            {
              "function": "minecraft:copy_nbt",
              "source": "this",
              "ops": [
                {
                  "source": "Variant",
                  "target": "Variant",
                  "op": "replace"
                }
              ]
            }
          ],
          "name": "minecraft:tropical_fish"
        }
      ]
    },
    {
      "rolls": 1,
      "entries": [
        {
          "type": "minecraft:item",
          "name": "minecraft:bone_meal"
        }
      ],
      "conditions": [
        {
          "condition": "minecraft:random_chance",
          "chance": 0.05
        }
      ]
    }
  ]
}
