{
    "pools": [
        {
            "rolls": 1,
            "entries": [
                {
                    "type": "loot_table",
                    "weight": 1,
                    "name": "minecraft:entities/zombie_base"
                }
            ]
        },
        {
            "rolls": 1,
            "entries": [
                {
                    "type": "item",
                    "weight": 1,
                    "name": "minecraft:emerald",
                    "conditions": [
                        {
                            "condition": "killed_by_player"
                        },
                        {
                            "condition": "random_chance_with_looting",
                            "chance": 0.5,
                            "looting_multiplier": 0.01
                        }
                    ]
                }
            ]
        }
    ]
}
