{
    "pools": [
        {
            "rolls": 1,
            "entries": [
                {
                    "type": "item",
                    "name": "minecraft:gunpowder",
                    "weight": 1,
                    "functions": [
                        {
                            "function": "set_count",
                            "count": {
                                "min": 0,
                                "max": 2
                            }
                        },
                        {
                            "function": "looting_enchant",
                            "count": {
                                "min": 0,
                                "max": 1
                            }
                        }
                    ]
                }
            ]
        },
        {
            "conditions": [
                {
                    "condition": "killed_by_player"
                },
                {
                    "condition": "random_chance_with_looting",
                    "chance": 0.025,
                    "looting_multiplier": 0.01
                }
            ],
            "rolls": 1,
            "entries": [
                {
                    "type": "item",
                    "name": "minecraft:creeper_head",
                    "weight": 1
                }
            ]
        },
        {
            "rolls": 1,
            "entries": [
                {
                    "type": "minecraft:group",
                    "children": [
                        {
                            "type": "minecraft:item",
                            "name": "minecraft:music_disc_11"
                        },
                        {
                            "type": "minecraft:item",
                            "name": "music_disc_13",
                            "functions": [
                                {
                                    "function": "minecraft:set_lore",
                                    "lore": [
                                        {
                                            "text": "よくもこんなキチガイレコードを！",
                                            "color": "yellow",
                                            "bold": true,
                                            "italic": false
                                        }
                                    ],
                                    "entity": "this",
                                    "replace": true
                                }
                            ]
                        },
                        {
                            "name": "minecraft:music_disc_blocks",
                            "type": "minecraft:item"
                        },
                        {
                            "type": "minecraft:item",
                            "name": "minecraft:music_disc_cat"
                        },
                        {
                            "type": "minecraft:item",
                            "name": "minecraft:music_disc_chirp"
                        },
                        {
                            "type": "minecraft:item",
                            "name": "minecraft:music_disc_far"
                        },
                        {
                            "type": "minecraft:item",
                            "name": "minecraft:music_disc_mall"
                        },
                        {
                            "type": "minecraft:item",
                            "name": "minecraft:music_disc_mellohi"
                        },
                        {
                            "type": "minecraft:item",
                            "name": "minecraft:music_disc_stal"
                        },
                        {
                            "type": "minecraft:item",
                            "name": "minecraft:music_disc_strad"
                        },
                        {
                            "type": "minecraft:item",
                            "name": "minecraft:music_disc_wait"
                        },
                        {
                            "type": "minecraft:item",
                            "name": "minecraft:music_disc_ward"
                        }
                    ]
                }
            ],
            "conditions": [
                {
                    "condition": "minecraft:entity_properties",
                    "predicate": {
                        "type": "#minecraft:skeletons"
                    },
                    "entity": "killer"
                }
            ]
        },
        {
            "rolls": 1,
            "entries": [
                {
                    "type": "minecraft:group",
                    "children": [
                        {
                            "type": "minecraft:item",
                            "name": "minecraft:music_disc_11"
                        },
                        {
                            "type": "minecraft:item",
                            "name": "music_disc_13",
                            "functions": [
                                {
                                    "function": "minecraft:set_lore",
                                    "lore": [
                                        {
                                            "text": "よくもこんなキチガイレコードを！",
                                            "color": "yellow",
                                            "bold": true,
                                            "italic": false
                                        }
                                    ],
                                    "entity": "this",
                                    "replace": true
                                }
                            ]
                        },
                        {
                            "name": "minecraft:music_disc_blocks",
                            "type": "minecraft:item"
                        },
                        {
                            "type": "minecraft:item",
                            "name": "minecraft:music_disc_cat"
                        },
                        {
                            "type": "minecraft:item",
                            "name": "minecraft:music_disc_chirp"
                        },
                        {
                            "type": "minecraft:item",
                            "name": "minecraft:music_disc_far"
                        },
                        {
                            "type": "minecraft:item",
                            "name": "minecraft:music_disc_mall"
                        },
                        {
                            "type": "minecraft:item",
                            "name": "minecraft:music_disc_mellohi"
                        },
                        {
                            "type": "minecraft:item",
                            "name": "minecraft:music_disc_stal"
                        },
                        {
                            "type": "minecraft:item",
                            "name": "minecraft:music_disc_strad"
                        },
                        {
                            "type": "minecraft:item",
                            "name": "minecraft:music_disc_wait"
                        },
                        {
                            "type": "minecraft:item",
                            "name": "minecraft:music_disc_ward"
                        }
                    ]
                }
            ],
            "conditions": [
                {
                    "condition": "minecraft:killed_by_player"
                },
                {
                    "condition": "minecraft:random_chance_with_looting",
                    "chance": 0.0125,
                    "looting_multiplier": 0.01
                }
            ]
        }
    ]
}
