{
    "type": "minecraft:entity",
    "pools": [
      {
        "rolls": 1,
        "entries": [
          {
            "type": "minecraft:item",
            "name": "minecraft:gold_ingot",
            "weight": 1
          }
        ],
        "conditions": [
          {
            "condition": "minecraft:killed_by_player"
          },
          {
            "condition": "minecraft:random_chance_with_looting",
            "chance": 0.05,
            "looting_multiplier": 0.01
          }
        ]
      },
      {
        "rolls": 1,
        "entries": [
          {
            "type": "minecraft:loot_table",
            "value": "minecraft:entities/zombie_base",
            "weight": 1
          },
          {
            "type": "minecraft:item",
            "name": "minecraft:trident",
            "weight": 1,
            "functions": [
              {
                "function": "minecraft:looting_enchant",
                "count": {
                  "min": 0,
                  "max": 1
                }
              },
              {
                "function": "minecraft:set_count",
                "count": {
                  "min": 0,
                  "max": 1
                }
              },
              {
                "function": "minecraft:set_damage",
                "damage": {
                  "min": 0.004,
                  "max": 1
                }
              },
              {
                "function": "minecraft:copy_custom_data",
                "source": "this",
                "ops": [
                  {
                    "source": "HandItems[].components.\"minecraft:enchantments\"",
                    "target": "\"minecraft:enchantments\"",
                    "op": "append"
                  }
                ]
              }
            ],
            "conditions": [
              {
                "condition": "minecraft:killed_by_player"
              },
              {
                "condition": "minecraft:random_chance_with_looting",
                "chance": 0.25,
                "looting_multiplier": 0.01
              }
            ]
          }
        ]
      },
      {
        "rolls": 1,
        "entries": [
          {
            "type": "minecraft:item",
            "name": "minecraft:kelp",
            "weight": 1,
            "functions": [
              {
                "function": "minecraft:set_count",
                "count": {
                  "min": -10,
                  "max": 1
                }
              },
              {
                "function": "minecraft:looting_enchant",
                "count": {
                  "min": 0,
                  "max": 1
                }
              }
            ]
          }
        ]
      },
      {
        "rolls": 1,
        "entries": [
          {
            "type": "minecraft:item",
            "name": "minecraft:seagrass",
            "weight": 1,
            "functions": [
              {
                "function": "minecraft:set_count",
                "count": {
                  "min": 0,
                  "max": 2
                }
              },
              {
                "function": "minecraft:looting_enchant",
                "count": {
                  "min": 0,
                  "max": 1
                }
              }
            ]
          }
        ]
      },
      {
        "rolls": 1,
        "entries": [
          {
            "type": "minecraft:item",
            "name": "minecraft:sea_pickle",
            "weight": 1,
            "functions": [
              {
                "function": "minecraft:set_count",
                "count": {
                  "min": 0,
                  "max": 1
                }
              },
              {
                "function": "minecraft:looting_enchant",
                "count": {
                  "min": 0,
                  "max": 1
                }
              }
            ],
            "conditions": [
              {
                "condition": "minecraft:random_chance_with_looting",
                "chance": 0.35,
                "looting_multiplier": 0.05
              }
            ]
          }
        ]
      },
      {
        "rolls": 1,
        "entries": [
          {
            "type": "minecraft:item",
            "name": "minecraft:nautilus_shell",
            "weight": 1,
            "functions": [
              {
                "function": "minecraft:set_count",
                "count": {
                  "min": 0,
                  "max": 1
                }
              }
            ]
          }
        ]
      },
      {
        "rolls": 1,
        "entries": [
          {
            "type": "minecraft:item",
            "name": "minecraft:player_head",
            "weight": 1,
            "functions": [
              {
                "function": "minecraft:set_components",
                "components": {
                  "minecraft:profile": {
                    "id": [
                      790009440,
                      1639859901,
                      1397417282,
                      -100772047
                    ],
                    "properties": [
                      {
                        "name": "textures",
                        "value": "eyJ0ZXh0dXJlcyI6eyJTS0lOIjp7InVybCI6Imh0dHA6Ly90ZXh0dXJlcy5taW5lY3JhZnQubmV0L3RleHR1cmUvYzNmN2NjZjYxZGJjM2Y5ZmU5YTYzMzNjZGUwYzBlMTQzOTllYjJlZWE3MWQzNGNmMjIzYjNhY2UyMjA1MSJ9fX0"
                      }
                    ]
                  }
                }
              },
              {
                "function": "minecraft:set_name",
                "entity": "this",
                "target": "custom_name",
                "name": {
                  "text": "Drowned Head",
                  "italic": false
                }
              }
            ]
          }
        ],
        "conditions": [
          {
            "condition": "minecraft:killed_by_player"
          },
          {
            "condition": "minecraft:random_chance_with_looting",
            "chance": 0.025,
            "looting_multiplier": 0.01
          }
        ]
      }
    ]
}