{
    "type": "minecraft:entity",
    "pools": [
      {
        "bonus_rolls": 0.0,
        "entries": [
          {
            "type": "minecraft:item",
            "conditions": [
                {
                    "condition": "minecraft:entity_properties",
                    "entity": "this",
                    "predicate": {
                        "flags": {
                            "is_on_fire": false
                        }
                    }
                }
            ],
            "functions": [
              {
                "add": false,
                "count": {
                  "type": "minecraft:uniform",
                  "max": 2.0,
                  "min": 1.0
                },
                "function": "minecraft:set_count"
              },
              {
                "count": {
                  "type": "minecraft:uniform",
                  "max": 1.0,
                  "min": 0.0
                },
                "function": "minecraft:looting_enchant"
              },
              {
                "function": "minecraft:set_name",
                "entity": "this",
                "name": {
                    "text": "シェボン",
                    "italic": false
                }
              }
            ],
            "name": "minecraft:mutton"
          },
          {
            "type": "minecraft:item",
            "conditions": [
                {
                    "condition": "minecraft:entity_properties",
                    "entity": "this",
                    "predicate": {
                        "flags": {
                            "is_on_fire": true
                        }
                    }
                }
            ],
            "functions": [
              {
                "add": false,
                "count": {
                  "type": "minecraft:uniform",
                  "max": 2.0,
                  "min": 1.0
                },
                "function": "minecraft:set_count"
              },
              {
                "count": {
                  "type": "minecraft:uniform",
                  "max": 1.0,
                  "min": 0.0
                },
                "function": "minecraft:looting_enchant"
              },
              {
                "function": "minecraft:set_name",
                "entity": "this",
                "name": {
                    "text": "焼きシェボン",
                    "italic": false
                }
              }
            ],
            "name": "minecraft:cooked_mutton"
          }
        ],
        "rolls": 1.0
      },
      {
        "bonus_rolls": 0,
        "rolls": 1,
        "entries": [
            {
                "type": "minecraft:item",
                "name": "minecraft:white_wool"
            }
        ]
      }
    ]
  }