{
    "type": "minecraft:entity",
    "pools": [
      {
        "rolls": 1,
        "entries": [
          {
            "type": "minecraft:loot_table",
            "value": "minecraft:entities/zombie_base"
          }
        ]
      },
      {
        "rolls": 1,
        "entries": [
          {
            "type": "minecraft:item",
            "name": "minecraft:gold_ingot",
            "conditions": [
              {
                "condition": "minecraft:random_chance_with_looting",
                "chance": 0.025,
                "looting_multiplier": 0.01
              }
            ]
          }
        ]
      },
      {
        "rolls": 1,
        "entries": [
          {
            "type": "minecraft:item",
            "name": "minecraft:player_head",
            "weight": 1,
            "functions": [
              {
                "function": "minecraft:set_components",
                "components": {
                  "minecraft:profile": {
                    "id": [
                      448664699,
                      -361085172,
                      -1904994610,
                      -1880265546
                    ],
                    "properties": [
                      {
                        "name": "textures",
                        "value": "eyJ0ZXh0dXJlcyI6eyJTS0lOIjp7InVybCI6Imh0dHA6Ly90ZXh0dXJlcy5taW5lY3JhZnQubmV0L3RleHR1cmUvZDY3NGM2M2M4ZGI1ZjRjYTYyOGQ2OWEzYjFmOGEzNmUyOWQ4ZmQ3NzVlMWE2YmRiNmNhYmI0YmU0ZGIxMjEifX19"
                      }
                    ]
                  }
                }
              },
              {
                "function": "minecraft:set_name",
                "entity": "this",
                "target": "custom_name",
                "name": {
                  "text": "Husk Head",
                  "italic": false
                }
              }
            ]
          }
        ],
        "conditions": [
          {
            "condition": "minecraft:killed_by_player"
          },
          {
            "condition": "minecraft:random_chance_with_looting",
            "chance": 0.015,
            "looting_multiplier": 0.01
          }
        ]
      }
    ]
}