{
    "pools": [
        {
            "rolls": 1,
            "entries": [
                {
                    "type": "item",
                    "name": "minecraft:phantom_membrane",
                    "weight": 5,
                    "functions": [
                        {
                            "function": "set_count",
                            "count": {
                                "min": 0,
                                "max": 1
                            }
                        },
                        {
                            "function": "looting_enchant",
                            "count": {
                                "min": 0,
                                "max": 1
                            }
                        }
                    ]
                }
            ],
            "conditions": [
                {
                    "condition": "random_chance_with_looting",
                    "chance": 0.3,
                    "looting_multiplier": 0.15
                }
            ]
        },
        {
            "rolls": 1,
            "entries": [
                {
                    "type": "item",
                    "name": "minecraft:leather",
                    "conditions": [
                        {
                            "condition": "random_chance_with_looting",
                            "chance": 0.4,
                            "looting_multiplier": 0.1
                        }
                    ]
                }
            ]
        }
    ]
}
