{
    
    "fallback": "minecraft:empty",
    "elements": [
        {
            "weight": 1,
            "element": {
                "element_type": "minecraft:single_pool_element",
                "projection": "rigid",
                "processors": "ksh:normal/stone_bricks_decorations",
                "location": "ksh:normal/terminator/end"
            }
        },
        {
            "element": {
                "element_type": "minecraft:single_pool_element",
                "projection": "rigid",
                "processors": "ksh:normal/stone_bricks_decorations",
                "location": "ksh:normal/corridor/straight_end"
            },
            "weight": 1
        }
    ]
}