{
    "fallback": "minecraft:empty",
    "elements": [
        {
            "weight": 1,
            "element": {
                "element_type": "minecraft:single_pool_element",
                "projection": "rigid",
                "processors": "minecraft:empty",
                "location": "knf:soul_sand_valley/bridges/stair_armor_stand"
            }
        },
        {
            "weight": 9,
            "element": {
                "element_type": "minecraft:empty_pool_element"
            }
        }
    ]
}