{
    
    "fallback": "knf:soul_sand_valley/terminator",
    "elements": [
        {
            "weight": 3,
            "element": {
                "element_type": "minecraft:single_pool_element",
                "projection": "rigid",
                "processors": "knf:soul_sand_valley/cracking",
                "location": "knf:soul_sand_valley/halls/intersection_2"
            }
        },
        {
            "weight": 2,
            "element": {
                "element_type": "minecraft:single_pool_element",
                "projection": "rigid",
                "processors": "knf:soul_sand_valley/cracking",
                "location": "knf:soul_sand_valley/halls/intersection_1"
            }
        }
    ]
}