{
    
    "fallback": "knf:soul_sand_valley/jail",
    "elements": [
        {
            "weight": 1,
            "element": {
                "element_type": "minecraft:feature_pool_element",
                "projection": "rigid",
                "feature": "knf:soul_sand_valley/jail_decorations"
            }
        },
        {
            "weight": 2,
            "element": {
                "element_type": "minecraft:single_pool_element",
                "projection": "rigid",
                "processors": "minecraft:empty",
                "location": "knf:soul_sand_valley/jail/zoglin"
            }
        },
        {
            "weight": 2,
            "element": {
                "element_type": "minecraft:single_pool_element",
                "projection": "rigid",
                "processors": "minecraft:empty",
                "location": "knf:soul_sand_valley/jail/zombified_piglin"
            }
        },
        {
            "weight": 1,
            "element": {
                "element_type": "minecraft:empty_pool_element",
                "projection": "rigid"
            }
        }
    ]
}