{
    
    "fallback": "knf:soul_sand_valley/terminator",
    "elements": [
        {
            "weight": 1,
            "element": {
                "element_type": "minecraft:single_pool_element",
                "projection": "rigid",
                "processors": "knf:soul_sand_valley/cracking",
                "location": "knf:soul_sand_valley/starts/lava_well_room_1"
            }
        },
        {
            "weight": 1,
            "element": {
                "element_type": "minecraft:list_pool_element",
                "projection": "rigid",
                "elements": [
                    {
                        "element_type": "minecraft:single_pool_element",
                        "projection": "rigid",
                        "processors": "minecraft:empty",
                        "location": "knf:soul_sand_valley/starts/lava_well_room_2"
                    },
                    {
                        "element_type": "minecraft:single_pool_element",
                        "projection": "rigid",
                        "processors": "knf:soul_sand_valley/start_blackstone_degradation",
                        "location": "knf:soul_sand_valley/starts/lava_well_room_blackstones"
                    }
                ]
            }
        }
    ]
}