{
    "bed_works": false,
    "infiniburn": "#minecraft:infiniburn_end",
    "has_ceiling": false,
    "respawn_anchor_works": false,
    "ultrawarm": false,
    "piglin_safe": false,
    "has_raids": true,
    "ambient_light": 0,
    "logical_height": 128,
    "natural": false,
    "fixed_time": 6000,
    "coordinate_scale": 1,
    "has_skylight": false,
    "effects": "minecraft:the_end",
    "name": "the_end",
    "height": 256,
    "min_y": 0,
    "monster_spawn_block_light_limit": 0,
    "monster_spawn_light_level": {
        "type": "minecraft:uniform",
        "value": {
            "min_inclusive": 0,
            "max_inclusive": 7
        }
    }
}
