{
    "fallback": "minecraft:empty",
    "elements": [
        {
            "weight": 1,
            "element": {
                "element_type": "minecraft:single_pool_element",
                "projection": "rigid",
                "processors": "knf:normal/cracking_wart_farm",
                "location": "knf:normal/starts/flower_bed_left"
            }
        },
        {
            "weight": 1,
            "element": {
                "element_type": "minecraft:single_pool_element",
                "projection": "rigid",
                "processors": "knf:normal/cracking_wart_farm",
                "location": "knf:normal/starts/flower_bed_right"
            }
        },
        {
            "weight": 4,
            "element": {
                "element_type": "minecraft:empty_pool_element"
            }
        }
    ]
}