{
  "elements": [
    {
      "element": {
        "element_type": "minecraft:legacy_single_pool_element",
        "location": "minecraft:village/desert/zombie/streets/corner_01",
        "processors": "minecraft:empty",
        "projection": "terrain_matching"
      },
      "weight": 3
    },
    {
      "element": {
        "element_type": "minecraft:legacy_single_pool_element",
        "location": "minecraft:village/desert/zombie/streets/corner_02",
        "processors": "minecraft:empty",
        "projection": "terrain_matching"
      },
      "weight": 3
    },
    {
      "element": {
        "element_type": "minecraft:legacy_single_pool_element",
        "location": "minecraft:village/desert/zombie/streets/straight_01",
        "processors": "minecraft:empty",
        "projection": "terrain_matching"
      },
      "weight": 4
    },
    {
      "element": {
        "element_type": "minecraft:legacy_single_pool_element",
        "location": "minecraft:village/desert/zombie/streets/straight_02",
        "processors": "minecraft:empty",
        "projection": "terrain_matching"
      },
      "weight": 4
    },
    {
      "element": {
        "element_type": "minecraft:legacy_single_pool_element",
        "location": "minecraft:village/desert/zombie/streets/straight_03",
        "processors": "minecraft:empty",
        "projection": "terrain_matching"
      },
      "weight": 3
    },
    {
      "element": {
        "element_type": "minecraft:legacy_single_pool_element",
        "location": "minecraft:village/desert/zombie/streets/crossroad_01",
        "processors": "minecraft:empty",
        "projection": "terrain_matching"
      },
      "weight": 3
    },
    {
      "element": {
        "element_type": "minecraft:legacy_single_pool_element",
        "location": "minecraft:village/desert/zombie/streets/crossroad_02",
        "processors": "minecraft:empty",
        "projection": "terrain_matching"
      },
      "weight": 3
    },
    {
      "element": {
        "element_type": "minecraft:legacy_single_pool_element",
        "location": "minecraft:village/desert/zombie/streets/crossroad_03",
        "processors": "minecraft:empty",
        "projection": "terrain_matching"
      },
      "weight": 3
    },
    {
      "element": {
        "element_type": "minecraft:legacy_single_pool_element",
        "location": "minecraft:village/desert/zombie/streets/square_01",
        "processors": "minecraft:empty",
        "projection": "terrain_matching"
      },
      "weight": 3
    },
    {
      "element": {
        "element_type": "minecraft:legacy_single_pool_element",
        "location": "minecraft:village/desert/zombie/streets/square_02",
        "processors": "minecraft:empty",
        "projection": "terrain_matching"
      },
      "weight": 3
    },
    {
      "element": {
        "element_type": "minecraft:legacy_single_pool_element",
        "location": "minecraft:village/desert/zombie/streets/turn_01",
        "processors": "minecraft:empty",
        "projection": "terrain_matching"
      },
      "weight": 3
    }
  ],
  "fallback": "minecraft:village/desert/zombie/terminators",
  "name": "minecraft:village/desert/zombie/streets"
}