{
    "logical_height": 1024,
    "infiniburn": "#minecraft:infiniburn_overworld",
    "effects": "minecraft:overworld",
    "ambient_light": 0,
    "bed_works": true,
    "respawn_anchor_works": true,
    "has_raids": true,
    "ultrawarm": false,
    "natural": true,
    "coordinate_scale": 1,
    "piglin_safe": false,
    "has_skylight": true,
    "has_ceiling": false,
    "min_y": 0,
    "height": 1024,
    "monster_spawn_block_light_limit": 0,
    "monster_spawn_light_level": {
        "type": "minecraft:uniform",
        "value": {
            "min_inclusive": 0,
            "max_inclusive": 7
        }
    },
    "fixed_time": 6000
}
