{
    "fallback": "knf:normal/terminators",
    "elements": [
        {
            "weight": 2,
            "element": {
                "element_type": "minecraft:single_pool_element",
                "projection": "rigid",
                "processors": "knf:normal/cracking",
                "location": "knf:normal/corridors/straight"
            }
        },
        {
            "weight": 1,
            "element": {
                "element_type": "minecraft:single_pool_element",
                "projection": "rigid",
                "processors": "knf:normal/cracking",
                "location": "knf:normal/corridors/staircase"
            }
        },
        {
            "weight": 2,
            "element": {
                "element_type": "minecraft:single_pool_element",
                "projection": "rigid",
                "processors": "knf:normal/cracking_curving_corridor",
                "location": "knf:normal/corridors/curve_with_chest_1"
            }
        },
        {
            "weight": 2,
            "element": {
                "element_type": "minecraft:single_pool_element",
                "projection": "rigid",
                "processors": "knf:normal/cracking_curving_corridor",
                "location": "knf:normal/corridors/curve_with_chest_2"
            }
        },
        {
            "weight": 2,
            "element": {
                "element_type": "minecraft:single_pool_element",
                "projection": "rigid",
                "processors": "knf:normal/cracking",
                "location": "knf:normal/corridors/intersection_1"
            }
        },
        {
            "weight": 2,
            "element": {
                "element_type": "minecraft:single_pool_element",
                "projection": "rigid",
                "processors": "knf:normal/cracking_intersection",
                "location": "knf:normal/corridors/intersection_2"
            }
        },
        {
            "weight": 1,
            "element": {
                "element_type": "minecraft:single_pool_element",
                "projection": "rigid",
                "processors": "knf:normal/cracking",
                "location": "knf:normal/corridors/balcony"
            }
        },
        {
            "weight": 1,
            "element": {
                "element_type": "minecraft:single_pool_element",
                "projection": "rigid",
                "processors": "knf:normal/cracking_wart_farm",
                "location": "knf:normal/farm/nether_wart_farm_1"
            }
        },
        {
            "weight": 1,
            "element": {
                "element_type": "minecraft:single_pool_element",
                "projection": "rigid",
                "processors": "knf:normal/cracking_wart_farm",
                "location": "knf:normal/farm/nether_wart_farm_2"
            }
        },
        {
            "weight": 1,
            "element": {
                "element_type": "minecraft:single_pool_element",
                "projection": "rigid",
                "processors": "knf:normal/cracking_wart_farm",
                "location": "knf:normal/farm/nether_wart_farm_3"
            }
        }
    ]
}