{
    "condition": "minecraft:any_of",
    "terms": [
        {
            "condition": "entity_properties",
            "entity": "this",
            "predicate": {
                "type": "minecraft:zombie",
                "nbt": "{Tags:[\"JungleZombie\"]}"
            }
        },
        {
            "condition": "entity_properties",
            "entity": "this",
            "predicate": {
                "type": "minecraft:skeleton",
                "nbt": "{Tags:[\"MossySkeleton\"]}"
            }
        }
    ]
}